"","V1","V2","V3","Drug_name","Metadata_dil_factor","Metadata_concentration_uM","cell_count_POC_A","drug_conc"
"1_DMSO",-0.363141461629201,0.254094711125724,-1.54502586740654,"DMSO","NULL","NULL",0.760869565,"1_DMSO"
"10_DMSO",-0.621950986642982,2.50467851086762,0.639648119252027,"DMSO","NULL","NULL",1.099744246,"10_DMSO"
"100_DMSO",-1.67501909399859,1.96918625419348,1.82553541576965,"DMSO","NULL","NULL",1.086797066,"100_DMSO"
"101_DMSO",-1.38655110125429,2.25863242190909,2.21508002333822,"DMSO","NULL","NULL",0.898533007,"101_DMSO"
"102_DMSO",-0.368619782592122,1.46989679505836,1.40573624609182,"DMSO","NULL","NULL",1.003667482,"102_DMSO"
"103_DMSO",-0.536617010048704,1.29378318822396,1.79051829129323,"DMSO","NULL","NULL",1.015892421,"103_DMSO"
"104_DMSO",-0.766803844861277,1.99738304876939,1.35999789066743,"DMSO","NULL","NULL",0.985330073,"104_DMSO"
"105_DMSO",-0.540848211842496,1.58256663924546,0.402134709951532,"DMSO","NULL","NULL",0.819070905,"105_DMSO"
"106_DMSO",-0.828035499781789,1.64646710580521,0.874580806163473,"DMSO","NULL","NULL",1.036674817,"106_DMSO"
"107_DMSO",-1.57080463401057,2.33384132213107,1.45410359726402,"DMSO","NULL","NULL",0.963325183,"107_DMSO"
"108_DMSO",-0.923754984433211,1.56756650335014,0.540665524557383,"DMSO","NULL","NULL",0.784841076,"108_DMSO"
"109_DMSO",-1.02481647626879,1.59948160755655,0.38761986232293,"DMSO","NULL","NULL",0.738386308,"109_DMSO"
"11_DMSO",1.7050941223866,-1.10820911735082,1.22290635258624,"DMSO","NULL","NULL",0.976982097,"11_DMSO"
"110_DMSO",-0.934199870963305,1.44352024209046,0.568349783643138,"DMSO","NULL","NULL",0.812958435,"110_DMSO"
"111_DMSO",-0.346362636330281,-0.100307631119111,-1.74164793510301,"DMSO","NULL","NULL",0.745992602,"111_DMSO"
"112_DMSO",-0.212364611054513,0.00818098643868215,-1.63984765153284,"DMSO","NULL","NULL",0.838471023,"112_DMSO"
"113_DMSO",-1.12230771607328,1.28517266252828,0.119062274433938,"DMSO","NULL","NULL",0.74352651,"113_DMSO"
"114_DMSO",-1.12771840302051,1.33568368875056,0.623743501069556,"DMSO","NULL","NULL",0.813810111,"114_DMSO"
"115_DMSO",0.497194478773295,0.450730163465419,1.14457836737453,"DMSO","NULL","NULL",0.94081381,"115_DMSO"
"116_DMSO",-1.05825207346359,1.8078048639795,1.03447303879617,"DMSO","NULL","NULL",0.914919852,"116_DMSO"
"117_DMSO",-1.67632302526589,1.97055971316581,1.99750695070366,"DMSO","NULL","NULL",0.995067818,"117_DMSO"
"118_DMSO",-1.35977253915732,1.59076582930724,1.82182315735842,"DMSO","NULL","NULL",1.001233046,"118_DMSO"
"119_DMSO",-0.693161624020506,2.02226276463572,1.41372654940405,"DMSO","NULL","NULL",0.956843403,"119_DMSO"
"12_DMSO",-0.197679539456347,1.72101537927991,0.409093287685993,"DMSO","NULL","NULL",1.089514066,"12_DMSO"
"120_DMSO",0.477726312097667,0.559139418854341,1.1606467498599,"DMSO","NULL","NULL",1.051787916,"120_DMSO"
"121_DMSO",-0.26934980981145,1.56531136026217,1.80259345732537,"DMSO","NULL","NULL",0.944512947,"121_DMSO"
"122_DMSO",-0.28802789389178,1.60635830191249,1.80258578809723,"DMSO","NULL","NULL",0.948212084,"122_DMSO"
"123_DMSO",0.426427265708768,0.689859557023176,1.3168957761782,"DMSO","NULL","NULL",1,"123_DMSO"
"124_DMSO",-1.63985215969936,1.48369916727438,1.6984157027155,"DMSO","NULL","NULL",1.054254007,"124_DMSO"
"125_DMSO",-1.65514424177734,2.09106200820057,1.50347294941688,"DMSO","NULL","NULL",1.061652281,"125_DMSO"
"126_DMSO",-1.34574318856867,1.84618976458099,1.84590952148172,"DMSO","NULL","NULL",1.027127004,"126_DMSO"
"127_DMSO",-0.869957396085648,2.13250368153832,1.12295544111033,"DMSO","NULL","NULL",1.106041924,"127_DMSO"
"128_DMSO",-1.41348828014258,1.8228288750233,1.457072791292,"DMSO","NULL","NULL",0.895191122,"128_DMSO"
"129_DMSO",-1.26634615453438,1.60503180316689,0.760633881096898,"DMSO","NULL","NULL",1.09864365,"129_DMSO"
"13_DMSO",-0.0739706443909702,2.26076566828921,0.853026227786848,"DMSO","NULL","NULL",1.029411765,"13_DMSO"
"130_DMSO",-0.974786506896967,1.01057779205067,1.62311121042612,"DMSO","NULL","NULL",1.060419236,"130_DMSO"
"131_DMSO",-1.85010396323939,2.03790332327127,1.91708544350464,"DMSO","NULL","NULL",1.099876695,"131_DMSO"
"132_DMSO",-1.47041339845815,1.93288790067832,2.30846927834331,"DMSO","NULL","NULL",0.89025894,"132_DMSO"
"133_DMSO",-1.40627912995611,2.17029152918726,2.40484685510549,"DMSO","NULL","NULL",1.032059186,"133_DMSO"
"134_DMSO",-1.46193376970612,1.28196819694191,1.57837720808794,"DMSO","NULL","NULL",1.001233046,"134_DMSO"
"135_DMSO",-0.80424395876513,1.37931985910221,2.16457894973616,"DMSO","NULL","NULL",1.087546239,"135_DMSO"
"136_DMSO",-1.56606533725847,1.75802729750045,1.32624168251707,"DMSO","NULL","NULL",1.023427867,"136_DMSO"
"137_DMSO",-0.452305715307404,1.4881532151156,2.52684403555702,"DMSO","NULL","NULL",1.038224414,"137_DMSO"
"138_DMSO",-1.44294820204815,1.29064878127683,2.19512935005069,"DMSO","NULL","NULL",1.076448829,"138_DMSO"
"139_DMSO",-1.02458414229711,1.38094327303494,1.90672494757582,"DMSO","NULL","NULL",0.90998767,"139_DMSO"
"14_DMSO",-0.370660582302783,2.12875968753808,0.669511273480648,"DMSO","NULL","NULL",0.965473146,"14_DMSO"
"140_DMSO",-1.84695761850479,1.95953366148429,1.57119748743488,"DMSO","NULL","NULL",0.85080148,"140_DMSO"
"141_DMSO",-1.4587145482468,2.2082618592545,1.41680180570443,"DMSO","NULL","NULL",1.09864365,"141_DMSO"
"142_DMSO",-0.322369755091259,1.49930384040627,2.3604845635259,"DMSO","NULL","NULL",0.993834772,"142_DMSO"
"143_DMSO",-1.68717333126731,1.6310068130777,2.02682361709579,"DMSO","NULL","NULL",0.874229346,"143_DMSO"
"144_DMSO",-0.961120324708485,2.43355250283009,2.53618739905949,"DMSO","NULL","NULL",0.96054254,"144_DMSO"
"145_DMSO",-1.18255847082745,2.23280023272502,1.71957882011097,"DMSO","NULL","NULL",0.898890259,"145_DMSO"
"146_DMSO",-1.10032732109022,2.41780089653185,2.59210918641325,"DMSO","NULL","NULL",0.985203453,"146_DMSO"
"147_DMSO",-1.47919742849831,1.66831336594195,1.51064193920823,"DMSO","NULL","NULL",1.104808878,"147_DMSO"
"148_DMSO",-0.474284446139653,1.65673896117046,1.68985122582197,"DMSO","NULL","NULL",1.07891492,"148_DMSO"
"149_DMSO",-0.570855327359359,1.74526833759777,1.51184510704629,"DMSO","NULL","NULL",1.033292232,"149_DMSO"
"15_DMSO",-1.13879968923786,2.57600412567069,1.27223341965532,"DMSO","NULL","NULL",1.144501279,"15_DMSO"
"150_DMSO",-1.68232785108313,1.98509506559069,1.83618102213848,"DMSO","NULL","NULL",0.871763255,"150_DMSO"
"151_DMSO",-0.408631380066109,2.05512305385143,2.33402757641367,"DMSO","NULL","NULL",0.963008631,"151_DMSO"
"152_DMSO",-0.74304518304771,1.19183696585381,1.74796549295044,"DMSO","NULL","NULL",1.004932182,"152_DMSO"
"153_DMSO",-0.943402465519124,2.07199536196828,2.48570461914348,"DMSO","NULL","NULL",1.162762022,"153_DMSO"
"154_DMSO",-0.532457307821454,1.44166927410521,1.41235698667798,"DMSO","NULL","NULL",1,"154_DMSO"
"155_DMSO",-1.90949271725274,1.98131987220124,2.33826723440714,"DMSO","NULL","NULL",0.90135635,"155_DMSO"
"156_DMSO",-0.656202591306535,1.96624576967036,2.12104504297617,"DMSO","NULL","NULL",0.942046856,"156_DMSO"
"157_DMSO",-0.938287600709236,1.33299303069872,0.605649574802172,"DMSO","NULL","NULL",1.154130703,"157_DMSO"
"158_DMSO",-1.17122443999812,1.63660729367424,1.94575884473668,"DMSO","NULL","NULL",0.972872996,"158_DMSO"
"159_DMSO",-1.25143827860386,1.6715061035905,1.6170143981563,"DMSO","NULL","NULL",1.03945746,"159_DMSO"
"16_DMSO",-0.814761106920924,2.39300265026298,1.36628975969458,"DMSO","NULL","NULL",1.208439898,"16_DMSO"
"160_DMSO",-1.35493042374427,1.66485463806477,1.82634550226852,"DMSO","NULL","NULL",1.023427867,"160_DMSO"
"161_DMSO",-1.32073755581402,1.8641984567319,1.65374906264369,"DMSO","NULL","NULL",1.044389642,"161_DMSO"
"162_DMSO",-1.66594819203999,1.81007236173621,1.21240720223963,"DMSO","NULL","NULL",1.0702836,"162_DMSO"
"163_DMSO",-1.57781473005893,2.50944651034643,1.9601651311617,"DMSO","NULL","NULL",0.922318126,"163_DMSO"
"164_DMSO",-1.57693939856551,2.18535761243807,1.24425515984129,"DMSO","NULL","NULL",0.85080148,"164_DMSO"
"165_DMSO",-1.03819122815488,2.05382493997425,1.18758629570979,"DMSO","NULL","NULL",1.007398274,"165_DMSO"
"166_DMSO",-0.558846412321748,1.29133495121208,0.743008714671325,"DMSO","NULL","NULL",0.986996099,"166_DMSO"
"167_DMSO",-0.297725514537095,0.0913772252881495,-1.61439225508404,"DMSO","NULL","NULL",0.842652796,"167_DMSO"
"168_DMSO",-0.971651140107506,1.50696254182274,0.00442675007310855,"DMSO","NULL","NULL",0.906371912,"168_DMSO"
"169_DMSO",-1.38460989890218,1.4882058867862,0.352557598722828,"DMSO","NULL","NULL",0.989596879,"169_DMSO"
"17_DMSO",-0.00706204137192668,2.21030139993037,0.790289713983848,"DMSO","NULL","NULL",1.163682864,"17_DMSO"
"170_DMSO",-0.43615140511081,1.00251304809987,0.0164345858812682,"DMSO","NULL","NULL",0.875162549,"170_DMSO"
"171_DMSO",-0.754692090142202,1.82038634101602,0.394883297486452,"DMSO","NULL","NULL",0.815344603,"171_DMSO"
"172_DMSO",0.896906707722674,-1.70304098456824,0.169590136610827,"DMSO","NULL","NULL",0.832249675,"172_DMSO"
"173_DMSO",-1.37537556563164,1.54094328308683,1.0239749214105,"DMSO","NULL","NULL",1.098829649,"173_DMSO"
"174_DMSO",-0.417100005102639,1.44761197395305,1.09461679655154,"DMSO","NULL","NULL",1.00130039,"174_DMSO"
"175_DMSO",-1.36310486557849,2.57236451678599,1.88250801512861,"DMSO","NULL","NULL",1.158647594,"175_DMSO"
"176_DMSO",-0.968711912746915,1.23718918381735,1.5357175366031,"DMSO","NULL","NULL",1.026007802,"176_DMSO"
"177_DMSO",-1.33176207758731,2.01496474044693,1.62028411131252,"DMSO","NULL","NULL",1.124837451,"177_DMSO"
"178_DMSO",-0.266592346756425,1.48582059358511,1.48269476291111,"DMSO","NULL","NULL",1.066319896,"178_DMSO"
"179_DMSO",-1.83181150311775,2.29162965540851,1.78863367128748,"DMSO","NULL","NULL",0.871261378,"179_DMSO"
"18_DMSO",-0.710119823824894,2.50466131752343,0.802155087069362,"DMSO","NULL","NULL",1.023017903,"18_DMSO"
"180_DMSO",-0.8798958063514,1.77357304075164,2.25625699592227,"DMSO","NULL","NULL",1.045513654,"180_DMSO"
"181_DMSO",-1.75177918127307,1.4605797610873,1.39188657448716,"DMSO","NULL","NULL",1.140442133,"181_DMSO"
"182_DMSO",-1.54955817243695,1.50570001857278,2.32006402770696,"DMSO","NULL","NULL",1.061118336,"182_DMSO"
"183_DMSO",-2.03132697853078,1.72402071584226,2.07622836542356,"DMSO","NULL","NULL",1.144343303,"183_DMSO"
"184_DMSO",-0.539819922327517,1.19698840310434,1.52938070988171,"DMSO","NULL","NULL",1.089726918,"184_DMSO"
"185_DMSO",-0.76021848000581,2.40128705697701,1.92307100160692,"DMSO","NULL","NULL",0.901170351,"185_DMSO"
"186_DMSO",-1.74367323708537,2.28192266631105,1.63754921129244,"DMSO","NULL","NULL",0.903771131,"186_DMSO"
"187_DMSO",-0.166808616611592,1.30730410448478,2.41415873803055,"DMSO","NULL","NULL",0.949284785,"187_DMSO"
"188_DMSO",-1.37628583135644,2.00557392788449,2.29154910866069,"DMSO","NULL","NULL",1.052015605,"188_DMSO"
"189_DMSO",-1.75916414720426,1.87573902936981,2.53865035209342,"DMSO","NULL","NULL",0.971391417,"189_DMSO"
"19_DMSO",-0.84966405819676,1.51158146428136,0.570045153617457,"DMSO","NULL","NULL",1.108695652,"19_DMSO"
"190_DMSO",-1.08533014364183,2.22086167519532,2.28342616134979,"DMSO","NULL","NULL",1.198959688,"190_DMSO"
"191_DMSO",-1.25515932942376,2.6683047935729,1.16274140189959,"DMSO","NULL","NULL",1.128738622,"191_DMSO"
"192_DMSO",-1.32621613369748,2.51458435241752,2.41971875155114,"DMSO","NULL","NULL",1.127438231,"192_DMSO"
"193_DMSO",-0.540465015206529,0.820991011084635,1.76918009984328,"DMSO","NULL","NULL",1.157347204,"193_DMSO"
"194_DMSO",-1.15793645891598,2.60085584602506,1.87298111125883,"DMSO","NULL","NULL",1.039011704,"194_DMSO"
"195_DMSO",-1.01817350888882,1.79688277907786,1.08012509144127,"DMSO","NULL","NULL",0.940182055,"195_DMSO"
"196_DMSO",-1.92908005511182,1.83639564761663,1.52881669759991,"DMSO","NULL","NULL",0.899869961,"196_DMSO"
"197_DMSO",-0.19798374266381,1.44118856224291,2.35895194527492,"DMSO","NULL","NULL",1,"197_DMSO"
"198_DMSO",-1.19142817643492,1.45594412373516,2.25028326182531,"DMSO","NULL","NULL",1.054616385,"198_DMSO"
"199_DMSO",-1.00879529322468,1.96515232700398,2.38625242674703,"DMSO","NULL","NULL",1.092327698,"199_DMSO"
"2_DMSO",-0.317517623833251,0.33963255464817,-1.54378935387708,"DMSO","NULL","NULL",0.808184143,"2_DMSO"
"20_DMSO",-0.813686698345674,2.30332588166988,1.43894766318937,"DMSO","NULL","NULL",1.003836317,"20_DMSO"
"200_DMSO",-1.88170115681718,1.73715360841735,1.89726876938056,"DMSO","NULL","NULL",1.031209363,"200_DMSO"
"201_DMSO",-1.02070892854577,2.62786458038107,1.38449170434494,"DMSO","NULL","NULL",1.061118336,"201_DMSO"
"202_DMSO",-1.03894566955364,2.08182392661791,2.63567424894795,"DMSO","NULL","NULL",0.855656697,"202_DMSO"
"203_DMSO",-0.337404416071748,1.65760128107281,1.37975964878979,"DMSO","NULL","NULL",0.947984395,"203_DMSO"
"204_DMSO",-0.972771594223474,1.15386831865497,1.58021005647459,"DMSO","NULL","NULL",0.970091027,"204_DMSO"
"205_DMSO",-1.39144612120773,1.39386714831599,2.18319567681393,"DMSO","NULL","NULL",1.048114434,"205_DMSO"
"206_DMSO",-1.46554776023517,1.14491678210778,1.61708281809573,"DMSO","NULL","NULL",0.970091027,"206_DMSO"
"207_DMSO",-1.79549881074288,2.00507222500102,2.55999603339112,"DMSO","NULL","NULL",1.031209363,"207_DMSO"
"208_DMSO",-1.12564974382434,2.33978746734834,1.6171631902658,"DMSO","NULL","NULL",1.046814044,"208_DMSO"
"209_DMSO",-0.775250214721644,1.7547727600782,1.80182830367674,"DMSO","NULL","NULL",1.093628088,"209_DMSO"
"21_DMSO",-0.489090708435676,2.64677724705406,0.871342326262305,"DMSO","NULL","NULL",1,"21_DMSO"
"210_DMSO",-0.823123324987917,2.23535041373177,2.07972602787269,"DMSO","NULL","NULL",0.941482445,"210_DMSO"
"211_DMSO",-0.986319576717071,2.01750091644146,1.54416428673474,"DMSO","NULL","NULL",0.99609883,"211_DMSO"
"212_DMSO",-0.409754178031813,1.31175854405593,0.530233061569294,"DMSO","NULL","NULL",0.920676203,"212_DMSO"
"213_DMSO",-1.90962020643938,1.74847002246141,1.67001778173509,"DMSO","NULL","NULL",1.201560468,"213_DMSO"
"214_DMSO",-1.41269769386303,1.38289472064542,1.35453778685317,"DMSO","NULL","NULL",0.953185956,"214_DMSO"
"215_DMSO",-0.629825703405358,1.48631163962473,0.088213910064542,"DMSO","NULL","NULL",0.77503251,"215_DMSO"
"216_DMSO",-1.79109422158837,1.81217687616004,1.21541740951439,"DMSO","NULL","NULL",0.849154746,"216_DMSO"
"217_DMSO",-1.56626564319459,2.29318811255409,1.33278927165394,"DMSO","NULL","NULL",0.88556567,"217_DMSO"
"218_DMSO",-1.12333476114148,2.2320658465434,0.515899763416295,"DMSO","NULL","NULL",0.838751625,"218_DMSO"
"219_DMSO",-1.7384432023582,1.91449087950845,0.836684962008648,"DMSO","NULL","NULL",0.945383615,"219_DMSO"
"22_DMSO",-0.216274688310458,2.24862486708717,1.09206842409628,"DMSO","NULL","NULL",0.975703325,"22_DMSO"
"220_DMSO",-1.7217566890578,1.91430508171513,0.881110238621208,"DMSO","NULL","NULL",1.11443433,"220_DMSO"
"221_DMSO",-0.44801628453354,0.964819106421024,0.231448606000384,"DMSO","NULL","NULL",0.871581451,"221_DMSO"
"222_DMSO",-0.2529800036404,0.00230938313978757,-1.80369899895692,"DMSO","NULL","NULL",0.827586207,"222_DMSO"
"223_DMSO",-0.751779398446564,1.22658067027273,-0.331690170991253,"DMSO","NULL","NULL",0.68489893,"223_DMSO"
"224_DMSO",-1.57442811467829,1.49834361733487,0.584164992414234,"DMSO","NULL","NULL",0.942925089,"224_DMSO"
"225_DMSO",-1.15573918063329,0.862067596064348,0.923825286829614,"DMSO","NULL","NULL",0.860879905,"225_DMSO"
"226_DMSO",-0.877468201343073,1.78322033302685,2.2304137855948,"DMSO","NULL","NULL",1.059453032,"226_DMSO"
"227_DMSO",-0.72228084207838,2.30457046946698,1.94064757244863,"DMSO","NULL","NULL",1.007134364,"227_DMSO"
"228_DMSO",-1.55149898467431,1.85943422646161,0.806221044367529,"DMSO","NULL","NULL",1.067776457,"228_DMSO"
"229_DMSO",-0.496736918183031,1.25366532514658,0.895431396632498,"DMSO","NULL","NULL",0.939357907,"229_DMSO"
"23_DMSO",-1.37129562891805,2.67990338019094,1.47814105261569,"DMSO","NULL","NULL",0.918158568,"23_DMSO"
"230_DMSO",-1.36213864888277,2.51287373296135,2.4086577224335,"DMSO","NULL","NULL",1.034482759,"230_DMSO"
"231_DMSO",-1.63900464850627,2.05233053963431,1.90564965126147,"DMSO","NULL","NULL",0.946492271,"231_DMSO"
"232_DMSO",-1.45881699567272,1.71936032110407,0.712187900189238,"DMSO","NULL","NULL",1.172413793,"232_DMSO"
"233_DMSO",-0.480175054748806,1.2707669731924,2.30567748448588,"DMSO","NULL","NULL",0.977407848,"233_DMSO"
"234_DMSO",-0.935972793834675,2.81983387789142,2.34079709176349,"DMSO","NULL","NULL",0.991676576,"234_DMSO"
"235_DMSO",-1.68972603415944,1.42885053324566,1.59718537146723,"DMSO","NULL","NULL",1,"235_DMSO"
"236_DMSO",-1.81778396537905,1.61090619908159,1.24777586920471,"DMSO","NULL","NULL",1.096313912,"236_DMSO"
"237_DMSO",-1.84296503790634,1.74985582564663,1.9121689489767,"DMSO","NULL","NULL",1.015457788,"237_DMSO"
"238_DMSO",-1.12673956275514,1.7395954503148,2.76564761397239,"DMSO","NULL","NULL",0.954815696,"238_DMSO"
"239_DMSO",-0.326158626973775,1.57164153461159,2.12551040615893,"DMSO","NULL","NULL",1.083234245,"239_DMSO"
"24_DMSO",-0.712183393456143,2.06810636667294,0.371702391298948,"DMSO","NULL","NULL",0.910485934,"24_DMSO"
"240_DMSO",-1.47537655612097,2.59895226095693,2.08432837342098,"DMSO","NULL","NULL",1.14744352,"240_DMSO"
"241_DMSO",-1.01231413292949,2.66165105464065,2.14039617229658,"DMSO","NULL","NULL",0.947681332,"241_DMSO"
"242_DMSO",0.0462115395687419,1.71666806223055,1.40308521689737,"DMSO","NULL","NULL",0.881093936,"242_DMSO"
"243_DMSO",-1.32093966113332,1.68001038373087,2.57333626348292,"DMSO","NULL","NULL",0.992865636,"243_DMSO"
"244_DMSO",-0.469690582133256,1.43514367008169,1.10256188233261,"DMSO","NULL","NULL",0.965517241,"244_DMSO"
"245_DMSO",-1.25472713942673,1.82252882915203,2.34374284177654,"DMSO","NULL","NULL",0.950059453,"245_DMSO"
"246_DMSO",-1.26784223423761,2.50075115148928,1.02429451781319,"DMSO","NULL","NULL",0.989298454,"246_DMSO"
"247_DMSO",0.469151539709607,0.585152959413312,1.23337061331896,"DMSO","NULL","NULL",1.026159334,"247_DMSO"
"248_DMSO",-1.30895421690703,2.75566279020455,1.69795013623677,"DMSO","NULL","NULL",1.014268728,"248_DMSO"
"249_DMSO",-0.989622251431721,1.71058758791926,2.87383786180748,"DMSO","NULL","NULL",1.015457788,"249_DMSO"
"25_DMSO",-0.647404132055267,2.41396177954596,0.517047199556635,"DMSO","NULL","NULL",1.168797954,"25_DMSO"
"250_DMSO",-0.844733024068403,2.26916587261666,2.49487018524978,"DMSO","NULL","NULL",1.060642093,"250_DMSO"
"251_DMSO",-1.76592568878503,1.37549976057832,2.14512494612777,"DMSO","NULL","NULL",1.09274673,"251_DMSO"
"252_DMSO",0.0668946228514322,1.29724138279282,1.84206856488432,"DMSO","NULL","NULL",0.94530321,"252_DMSO"
"253_DMSO",-0.215311557981713,1.38455495586823,2.43055482304517,"DMSO","NULL","NULL",1.003567182,"253_DMSO"
"254_DMSO",-1.29646523462577,2.61880954826039,2.47424919554276,"DMSO","NULL","NULL",1.160523187,"254_DMSO"
"255_DMSO",-0.496742400559886,2.207182710324,1.66845237207117,"DMSO","NULL","NULL",1.016646849,"255_DMSO"
"256_DMSO",-1.71641210266972,2.29441321471278,1.96939112151744,"DMSO","NULL","NULL",0.976218787,"256_DMSO"
"257_DMSO",-0.56789827297823,2.36519744958498,1.91118024566684,"DMSO","NULL","NULL",1.032104637,"257_DMSO"
"258_DMSO",-0.45799609936763,2.15942974543678,2.19910644453831,"DMSO","NULL","NULL",1.120095125,"258_DMSO"
"259_DMSO",-1.64696104585094,2.01135285770594,1.9300222672708,"DMSO","NULL","NULL",1.042806183,"259_DMSO"
"26_DMSO",-1.65944815383231,1.97310219364398,1.09023806557217,"DMSO","NULL","NULL",0.945012788,"26_DMSO"
"260_DMSO",-1.75774409573429,1.63882842508598,1.92619164981605,"DMSO","NULL","NULL",0.959571938,"260_DMSO"
"261_DMSO",-0.998342817517635,1.451005160086,1.68088077236568,"DMSO","NULL","NULL",1.063020214,"261_DMSO"
"262_DMSO",-0.781119468150815,0.964406712908817,2.03514925757487,"DMSO","NULL","NULL",0.922711058,"262_DMSO"
"263_DMSO",-0.868697462299263,2.46919199131751,2.48457670671542,"DMSO","NULL","NULL",1.063020214,"263_DMSO"
"264_DMSO",-0.699111869985713,2.48985990237049,1.6319299138422,"DMSO","NULL","NULL",0.934601665,"264_DMSO"
"265_DMSO",-1.11172516106566,2.35987583716836,2.42554113584547,"DMSO","NULL","NULL",1.096313912,"265_DMSO"
"266_DMSO",-1.01607522676585,2.56307470639982,2.18269064491946,"DMSO","NULL","NULL",1.008323424,"266_DMSO"
"267_DMSO",-0.104919883592081,2.01758242036034,1.85433562634801,"DMSO","NULL","NULL",1.079667063,"267_DMSO"
"268_DMSO",-0.821659974047551,2.31713212946868,1.8650606712356,"DMSO","NULL","NULL",1.003567182,"268_DMSO"
"269_DMSO",-0.808304170138916,1.75224181674276,1.10157519540287,"DMSO","NULL","NULL",0.853745541,"269_DMSO"
"27_DMSO",-0.263281957616079,1.89335612518867,2.37035016846687,"DMSO","NULL","NULL",1.051150895,"27_DMSO"
"270_DMSO",0.394159626388729,0.526179627867159,0.998515743206465,"DMSO","NULL","NULL",0.92508918,"270_DMSO"
"271_DMSO",-0.818485661124271,0.597494830849669,2.0582005545893,"DMSO","NULL","NULL",0.922711058,"271_DMSO"
"272_DMSO",-1.58245801277246,2.61157000428258,2.01788378574768,"DMSO","NULL","NULL",1.015457788,"272_DMSO"
"273_DMSO",-1.5741718515729,1.95082622673298,0.712222844122015,"DMSO","NULL","NULL",0.961950059,"273_DMSO"
"274_DMSO",-1.7411908449217,1.96201956865911,0.706091155514043,"DMSO","NULL","NULL",0.900118906,"274_DMSO"
"275_DMSO",-1.76351739828345,1.96963646287167,0.870031446346326,"DMSO","NULL","NULL",0.913198573,"275_DMSO"
"276_DMSO",-0.803761320170882,1.16810934145055,-0.216004137847549,"DMSO","NULL","NULL",0.902552204,"276_DMSO"
"277_DMSO",-0.293475403449035,0.0766221988498512,-1.62331077747802,"DMSO","NULL","NULL",0.795823666,"277_DMSO"
"278_DMSO",-0.793935728300125,1.25381898630482,-0.275604907562114,"DMSO","NULL","NULL",0.807424594,"278_DMSO"
"279_DMSO",-1.30998713850136,1.34754845522908,1.08047931806845,"DMSO","NULL","NULL",0.947795824,"279_DMSO"
"28_DMSO",-0.0407560943437515,2.17787313964523,0.821345078270841,"DMSO","NULL","NULL",1.008951407,"28_DMSO"
"280_DMSO",-1.16639650951129,1.04730482488661,1.76764042763684,"DMSO","NULL","NULL",1.105568445,"280_DMSO"
"281_DMSO",-1.18006330563378,1.1305406803806,1.7873205310625,"DMSO","NULL","NULL",0.930394432,"281_DMSO"
"282_DMSO",-1.66819367886028,2.05962444869552,2.67002739094702,"DMSO","NULL","NULL",1.048723898,"282_DMSO"
"283_DMSO",-1.69741051289998,1.58774723888613,1.05136649080448,"DMSO","NULL","NULL",1.030162413,"283_DMSO"
"284_DMSO",-1.00226767026751,1.0135076453612,1.05179300366452,"DMSO","NULL","NULL",0.995359629,"284_DMSO"
"285_DMSO",-0.391828935300461,1.74422805421155,2.25744952362701,"DMSO","NULL","NULL",0.960556845,"285_DMSO"
"286_DMSO",-0.855635191870754,1.4044917143089,2.65284970236375,"DMSO","NULL","NULL",0.983758701,"286_DMSO"
"287_DMSO",-1.07777087697436,1.0311756923678,1.48400606335982,"DMSO","NULL","NULL",0.990719258,"287_DMSO"
"288_DMSO",-0.612273052728022,1.18384002809889,2.10959852847856,"DMSO","NULL","NULL",1,"288_DMSO"
"289_DMSO",-1.86238012788795,1.65646585330193,2.14887684059657,"DMSO","NULL","NULL",0.929234339,"289_DMSO"
"29_DMSO",-0.854995855069925,2.45091819809567,0.921030865521559,"DMSO","NULL","NULL",0.966751918,"29_DMSO"
"290_DMSO",-0.806066810966494,1.25797251661437,2.26313954630169,"DMSO","NULL","NULL",0.959396752,"290_DMSO"
"291_DMSO",-1.82616174106266,1.49138429282739,1.21748321551979,"DMSO","NULL","NULL",1.06612529,"291_DMSO"
"292_DMSO",-0.744343408578033,1.71472848603253,2.840609563189,"DMSO","NULL","NULL",1.002320186,"292_DMSO"
"293_DMSO",-1.37212654605358,1.96545249941538,2.17231222227539,"DMSO","NULL","NULL",0.899071926,"293_DMSO"
"294_DMSO",-0.369168972019635,1.66845921668638,2.07438483008166,"DMSO","NULL","NULL",1.016241299,"294_DMSO"
"295_DMSO",-1.31583821654194,1.51597489862673,1.37667123279004,"DMSO","NULL","NULL",1.109048724,"295_DMSO"
"296_DMSO",-1.14882500740025,1.24334486132905,2.57012689682879,"DMSO","NULL","NULL",1.020881671,"296_DMSO"
"297_DMSO",-0.000931746410626433,1.84638058671245,1.46651737660557,"DMSO","NULL","NULL",0.982598608,"297_DMSO"
"298_DMSO",-0.662727475174052,2.05335446107507,2.86844152087427,"DMSO","NULL","NULL",1.102088167,"298_DMSO"
"299_DMSO",-1.01125336207365,1.3493869770952,2.33941385610761,"DMSO","NULL","NULL",1.001160093,"299_DMSO"
"3_DMSO",-0.498501052915519,0.847132048754771,-1.0824749227544,"DMSO","NULL","NULL",0.895140665,"3_DMSO"
"30_DMSO",-0.490523606290359,2.74418360910608,1.06100304581739,"DMSO","NULL","NULL",1.024296675,"30_DMSO"
"300_DMSO",-0.638986115754634,2.11030042197312,2.76777995020084,"DMSO","NULL","NULL",0.951276102,"300_DMSO"
"301_DMSO",-1.24581123494673,2.5765088221215,1.04680197311336,"DMSO","NULL","NULL",1.054524362,"301_DMSO"
"302_DMSO",-1.02125223642113,2.50902567178759,2.38978034584594,"DMSO","NULL","NULL",1.090487239,"302_DMSO"
"303_DMSO",-1.01781493976742,2.06897127588802,2.57553707802242,"DMSO","NULL","NULL",1.02900232,"303_DMSO"
"304_DMSO",0.193458845301682,1.1005580941897,1.40868251156835,"DMSO","NULL","NULL",0.851508121,"304_DMSO"
"305_DMSO",-0.933854227793732,2.23517029655279,2.47875484305248,"DMSO","NULL","NULL",1.088167053,"305_DMSO"
"306_DMSO",-1.3113765411049,2.24772297535181,1.96597114545217,"DMSO","NULL","NULL",1.064965197,"306_DMSO"
"307_DMSO",-0.791862610998222,1.2760226273335,2.55838806730143,"DMSO","NULL","NULL",0.883990719,"307_DMSO"
"308_DMSO",-0.651760198021612,1.62824378074013,2.04941913332279,"DMSO","NULL","NULL",1.073085847,"308_DMSO"
"309_DMSO",-0.559789615898316,2.28407663846211,2.62772939945212,"DMSO","NULL","NULL",1.061484919,"309_DMSO"
"31_DMSO",-0.243167155150748,2.08189945451575,0.831459076548082,"DMSO","NULL","NULL",1.136828645,"31_DMSO"
"310_DMSO",-0.903250328092401,2.27437399787853,2.50861977328016,"DMSO","NULL","NULL",1.090487239,"310_DMSO"
"311_DMSO",-2.00901337456925,1.87945423001097,2.20900560756245,"DMSO","NULL","NULL",0.882830626,"311_DMSO"
"312_DMSO",-0.197252274071728,2.0265029460785,1.83481091679775,"DMSO","NULL","NULL",1.012761021,"312_DMSO"
"313_DMSO",-0.462669384133406,2.09714733072022,2.67419661875623,"DMSO","NULL","NULL",1.07424594,"313_DMSO"
"314_DMSO",-0.88368266869374,1.08414365090614,1.73294038947545,"DMSO","NULL","NULL",0.932714617,"314_DMSO"
"315_DMSO",-1.33041769405187,1.36605135823788,2.4747410092227,"DMSO","NULL","NULL",1.022041763,"315_DMSO"
"316_DMSO",-0.693964602877518,1.81136153702012,1.8767153062984,"DMSO","NULL","NULL",0.923433875,"316_DMSO"
"317_DMSO",-0.956929235499092,0.890121421881922,1.72257934004467,"DMSO","NULL","NULL",0.900232019,"317_DMSO"
"318_DMSO",-0.619014875506124,2.11849209990839,2.90732767313783,"DMSO","NULL","NULL",1.022041763,"318_DMSO"
"319_DMSO",-0.542763316064698,2.26989108185965,2.75894122247326,"DMSO","NULL","NULL",1.148491879,"319_DMSO"
"32_DMSO",-0.339808388879928,2.55384621291008,0.851172468813556,"DMSO","NULL","NULL",0.902813299,"32_DMSO"
"320_DMSO",0.190967183823956,1.04263132509539,1.49927655310347,"DMSO","NULL","NULL",0.839907193,"320_DMSO"
"321_DMSO",-0.806574165987838,2.66630048823184,2.22458674313478,"DMSO","NULL","NULL",0.954756381,"321_DMSO"
"322_DMSO",-0.905545311182749,2.71689136433139,2.41652833661324,"DMSO","NULL","NULL",0.986078886,"322_DMSO"
"323_DMSO",-1.08921483354536,1.6049794144395,2.31055066252657,"DMSO","NULL","NULL",1,"323_DMSO"
"324_DMSO",-0.601236201913172,2.07114224026719,2.83263805841008,"DMSO","NULL","NULL",0.880510441,"324_DMSO"
"325_DMSO",-1.35263987168309,1.26374177315375,1.43558799433751,"DMSO","NULL","NULL",0.93387471,"325_DMSO"
"326_DMSO",-0.291030614999138,1.73461020377161,2.54394705464311,"DMSO","NULL","NULL",1.047563805,"326_DMSO"
"327_DMSO",-0.767727485435174,2.11953959588362,2.59071428508991,"DMSO","NULL","NULL",1.001160093,"327_DMSO"
"328_DMSO",-1.09367436240509,1.60153779864506,2.53318814766068,"DMSO","NULL","NULL",1.038283063,"328_DMSO"
"329_DMSO",-1.68857612850435,1.76704774329387,0.728914384307804,"DMSO","NULL","NULL",0.861948956,"329_DMSO"
"33_DMSO",-0.801727884519943,2.63556320577812,1.35672739597021,"DMSO","NULL","NULL",1.060102302,"33_DMSO"
"330_DMSO",-1.73182996976717,1.81507867080272,0.846427365574729,"DMSO","NULL","NULL",0.832946636,"330_DMSO"
"34_DMSO",-0.16975190412522,2.42426742324181,1.24391725866954,"DMSO","NULL","NULL",0.969309463,"34_DMSO"
"35_DMSO",-1.0026065796302,2.41034668285308,0.61945697534777,"DMSO","NULL","NULL",0.797953964,"35_DMSO"
"36_DMSO",-1.08249657985025,2.50942764742473,1.03003247736851,"DMSO","NULL","NULL",1.125319693,"36_DMSO"
"37_DMSO",-0.84362586935891,2.4565212476986,0.622326734362037,"DMSO","NULL","NULL",0.822250639,"37_DMSO"
"38_DMSO",-0.405692761964668,2.61122956741422,1.21099967369893,"DMSO","NULL","NULL",0.959079284,"38_DMSO"
"39_DMSO",-0.396077843777653,1.90516933647667,1.89083077023754,"DMSO","NULL","NULL",1.060102302,"39_DMSO"
"4_DMSO",-0.361957211763713,0.434539139191113,-1.26564245850535,"DMSO","NULL","NULL",0.861892583,"4_DMSO"
"40_DMSO",-0.653412211351768,2.67485306259492,1.02594819505457,"DMSO","NULL","NULL",0.535805627,"40_DMSO"
"41_DMSO",0.0115053758998998,2.28202775936562,0.886464483599033,"DMSO","NULL","NULL",1.065217391,"41_DMSO"
"42_DMSO",-0.492140486694519,1.95013693562646,0.720546988700526,"DMSO","NULL","NULL",0.914322251,"42_DMSO"
"43_DMSO",-0.472081422242729,2.16136887631326,0.691431411177479,"DMSO","NULL","NULL",1.143222506,"43_DMSO"
"44_DMSO",-1.04569617095724,2.22798565321756,1.20734659217336,"DMSO","NULL","NULL",1.008951407,"44_DMSO"
"45_DMSO",-0.444237437649878,2.72223535855891,1.00287985583797,"DMSO","NULL","NULL",0.938618926,"45_DMSO"
"46_DMSO",-0.708277265249498,2.09247140781674,0.292088812785628,"DMSO","NULL","NULL",0.890025575,"46_DMSO"
"47_DMSO",-0.442973557506707,1.55562546636455,1.19174327963245,"DMSO","NULL","NULL",1.025575448,"47_DMSO"
"48_DMSO",-0.190105097885997,2.16871127555246,0.808213160399689,"DMSO","NULL","NULL",0.956521739,"48_DMSO"
"49_DMSO",-0.27482803283681,2.42430764981974,0.698544644558277,"DMSO","NULL","NULL",1.072890026,"49_DMSO"
"5_DMSO",0.0591865356997554,1.98097476081503,0.742145663912864,"DMSO","NULL","NULL",0.969309463,"5_DMSO"
"50_DMSO",-0.858565089338015,1.70304577117414,0.612959908147137,"DMSO","NULL","NULL",0.916879795,"50_DMSO"
"51_DMSO",-0.371844895597611,2.64695032321824,0.880413142650556,"DMSO","NULL","NULL",1.061381074,"51_DMSO"
"52_DMSO",-0.41831219436697,2.77714188477978,0.999312458854585,"DMSO","NULL","NULL",1.042199488,"52_DMSO"
"53_DMSO",-0.912272810464352,1.88317405021861,0.181171875088283,"DMSO","NULL","NULL",0.961636829,"53_DMSO"
"54_DMSO",-0.450423921134009,2.14566783364784,0.523627741383125,"DMSO","NULL","NULL",0.918158568,"54_DMSO"
"55_DMSO",-0.519169099351976,2.76667098567886,1.01081273462068,"DMSO","NULL","NULL",1.02685422,"55_DMSO"
"56_DMSO",-0.351645718233129,0.216114148715427,-1.72567181402323,"DMSO","NULL","NULL",0.946210269,"56_DMSO"
"57_DMSO",-0.574613182296366,0.766392529668951,-0.892672843983354,"DMSO","NULL","NULL",0.897310513,"57_DMSO"
"58_DMSO",-0.961972700753701,1.643150410035,0.242768237029753,"DMSO","NULL","NULL",0.790953545,"58_DMSO"
"59_DMSO",-0.922200928858239,1.41520083363976,0.99605331719935,"DMSO","NULL","NULL",0.988997555,"59_DMSO"
"6_DMSO",-0.495672172281203,-0.969589337271846,0.600229037170321,"DMSO","NULL","NULL",0.952685422,"6_DMSO"
"60_DMSO",-0.625421695636184,1.12030521428123,0.803900149595794,"DMSO","NULL","NULL",1.019559902,"60_DMSO"
"61_DMSO",-0.836648249992347,2.34811671230488,1.31212411869855,"DMSO","NULL","NULL",1.028117359,"61_DMSO"
"62_DMSO",-1.34979971089809,2.62709014767436,2.23033778708266,"DMSO","NULL","NULL",1.085574572,"62_DMSO"
"63_DMSO",-1.10397001714043,1.82956639946254,0.821919335302406,"DMSO","NULL","NULL",0.995110024,"63_DMSO"
"64_DMSO",-0.744404683920117,1.52142960357336,0.791757867445905,"DMSO","NULL","NULL",0.948655257,"64_DMSO"
"65_DMSO",-1.10937332785003,2.3935005486883,1.89221428718934,"DMSO","NULL","NULL",1.026894866,"65_DMSO"
"66_DMSO",-0.575197031050289,2.77799121343148,2.2769842697486,"DMSO","NULL","NULL",0.905867971,"66_DMSO"
"67_DMSO",-0.497264306297694,1.48555580048903,1.65424327102413,"DMSO","NULL","NULL",1.002444988,"67_DMSO"
"68_DMSO",0.428943321814205,0.753395172483187,1.28778997424112,"DMSO","NULL","NULL",1.061124694,"68_DMSO"
"69_DMSO",-1.18170682682338,2.00494403258867,2.64176368302491,"DMSO","NULL","NULL",1.064792176,"69_DMSO"
"7_DMSO",-0.025412724769154,2.00139901303079,0.717915091481695,"DMSO","NULL","NULL",0.91943734,"7_DMSO"
"70_DMSO",-1.01718542881328,1.87710039908651,1.4617063712347,"DMSO","NULL","NULL",0.953545232,"70_DMSO"
"71_DMSO",-0.551368721044162,1.15878036780548,1.32757526034497,"DMSO","NULL","NULL",1.02200489,"71_DMSO"
"72_DMSO",-0.738919145443232,2.18433838069858,1.38613750139405,"DMSO","NULL","NULL",1.042787286,"72_DMSO"
"73_DMSO",-0.251234719857445,2.45264754927617,1.62770120978365,"DMSO","NULL","NULL",0.949877751,"73_DMSO"
"74_DMSO",-0.731083401880017,1.18994133410061,1.36945864245534,"DMSO","NULL","NULL",1.101466993,"74_DMSO"
"75_DMSO",-1.16935472601392,1.14478805201693,1.12915636240442,"DMSO","NULL","NULL",0.974327628,"75_DMSO"
"76_DMSO",-0.509826028120697,1.57323392314661,1.07938939607135,"DMSO","NULL","NULL",1.006112469,"76_DMSO"
"77_DMSO",-1.12861586125723,1.8599469833961,2.80259016424843,"DMSO","NULL","NULL",0.996332518,"77_DMSO"
"78_DMSO",-1.40731331772636,1.68209257757844,2.45084625090963,"DMSO","NULL","NULL",1.062347188,"78_DMSO"
"79_DMSO",-0.373052934350275,1.90660989777616,1.71071179996769,"DMSO","NULL","NULL",1.074572127,"79_DMSO"
"8_DMSO",-0.421125930528534,2.27997274745678,0.69517443269516,"DMSO","NULL","NULL",1.090792839,"8_DMSO"
"80_DMSO",-1.0983070040822,2.49016995033859,1.57773100156115,"DMSO","NULL","NULL",0.954767726,"80_DMSO"
"81_DMSO",-0.883419057114762,1.61822965515502,0.366209800435089,"DMSO","NULL","NULL",1.04400978,"81_DMSO"
"82_DMSO",-0.2944865769767,2.29922389496563,1.52830622035414,"DMSO","NULL","NULL",0.952322738,"82_DMSO"
"83_DMSO",-1.20676797316931,1.34162566860381,1.84092259974253,"DMSO","NULL","NULL",1.029339853,"83_DMSO"
"84_DMSO",-1.13057537657399,2.62135554996163,1.43066766679957,"DMSO","NULL","NULL",0.922982885,"84_DMSO"
"85_DMSO",-1.29747087660693,1.09500808329525,1.44400198536833,"DMSO","NULL","NULL",0.986552567,"85_DMSO"
"86_DMSO",-1.35217503795261,1.93154300909853,2.03850688292677,"DMSO","NULL","NULL",1.102689487,"86_DMSO"
"87_DMSO",-1.18597905696755,2.6441520214353,1.94069508569776,"DMSO","NULL","NULL",1,"87_DMSO"
"88_DMSO",-0.96819142627683,2.71194738363915,2.34328151011667,"DMSO","NULL","NULL",1.053789731,"88_DMSO"
"89_DMSO",-1.13612767409039,2.63706430111538,1.92556238672064,"DMSO","NULL","NULL",0.913202934,"89_DMSO"
"9_DMSO",-0.788308507515453,2.08868623692359,0.215540386499641,"DMSO","NULL","NULL",1.098465473,"9_DMSO"
"9-aminoacridine_0.3125_0.015625",0.204446467254938,-1.85491452692125,0.693358195913346,"9-aminoacridine","0.015625","0.3125",1.075533662,"9-aminoacridine_0.3125_0.015625"
"9-aminoacridine_0.625_0.03125",-0.117735858768385,-1.60283934936787,0.454106410782157,"9-aminoacridine","0.03125","0.625",1.123152709,"9-aminoacridine_0.625_0.03125"
"9-aminoacridine_1.25_0.0625",-0.0549017322026004,-1.57364084131319,0.521167197030246,"9-aminoacridine","0.0625","1.25",1.003284072,"9-aminoacridine_1.25_0.0625"
"9-aminoacridine_10_0.5",1.49100005151023,-1.01281624571575,-5.6801354931058,"9-aminoacridine","0.5","10",0.225779967,"9-aminoacridine_10_0.5"
"9-aminoacridine_2.5_0.125",0.864083133089857,-0.469573831072358,-0.387517579593936,"9-aminoacridine","0.125","2.5",0.751231527,"9-aminoacridine_2.5_0.125"
"9-aminoacridine_20_1",1.50747121176494,-1.01368951271312,-5.84013481599063,"9-aminoacridine","1","20",0.25410509,"9-aminoacridine_20_1"
"9-aminoacridine_5_0.25",1.34180478792912,-0.896359678367966,-5.46530695238792,"9-aminoacridine","0.25","5",0.383415435,"9-aminoacridine_5_0.25"
"90_DMSO",-1.94020290822559,1.58313803278187,1.97051542475256,"DMSO","NULL","NULL",0.921760391,"90_DMSO"
"91_DMSO",-1.81004937175824,1.93040153745423,2.47929518583095,"DMSO","NULL","NULL",1.092909535,"91_DMSO"
"92_DMSO",-1.86511989922193,1.99417494215916,2.01910215381232,"DMSO","NULL","NULL",1.056234719,"92_DMSO"
"93_DMSO",-0.393494711297303,2.25134432126713,2.5299184008573,"DMSO","NULL","NULL",1.11002445,"93_DMSO"
"94_DMSO",-1.42078066821563,2.35639240981929,2.3659702674445,"DMSO","NULL","NULL",0.935207824,"94_DMSO"
"95_DMSO",-0.836342257738576,2.61049216155428,1.63337235572895,"DMSO","NULL","NULL",0.903422983,"95_DMSO"
"96_DMSO",-1.24526513665111,2.76734691722266,2.05646912869662,"DMSO","NULL","NULL",1.045232274,"96_DMSO"
"97_DMSO",-0.897991151178847,1.54892913978444,1.01083387489313,"DMSO","NULL","NULL",0.996332518,"97_DMSO"
"98_DMSO",-0.766879031296057,1.66772533196402,1.09529719077757,"DMSO","NULL","NULL",1.052567237,"98_DMSO"
"99_DMSO",-1.49641069424183,2.44792634803994,1.56817269719195,"DMSO","NULL","NULL",1.036674817,"99_DMSO"
"alvocidib_0.3125_0.015625",-0.154450217836656,-0.323260140434322,-2.11872706780663,"alvocidib","0.015625","0.3125",0.804059652,"alvocidib_0.3125_0.015625"
"alvocidib_0.625_0.03125",0.859551092428903,-1.08648368891529,-3.71113798853828,"alvocidib","0.03125","0.625",0.574565037,"alvocidib_0.625_0.03125"
"alvocidib_1.25_0.0625",0.811902903348957,-1.00332000620525,-3.75710085935709,"alvocidib","0.0625","1.25",0.43951947,"alvocidib_1.25_0.0625"
"alvocidib_10_0.5",1.32612493281944,-1.56970745201296,-4.15312786022033,"alvocidib","0.5","10",0.14001657,"alvocidib_10_0.5"
"alvocidib_2.5_0.125",1.07792920303325,-1.29893502931494,-3.96149997606301,"alvocidib","0.125","2.5",0.22079536,"alvocidib_2.5_0.125"
"alvocidib_20_1",1.51068464116442,-1.32169747038571,-4.9829697507299,"alvocidib","1","20",0.152858326,"alvocidib_20_1"
"alvocidib_5_0.25",1.37431703673373,-1.49916858850392,-4.1714235910679,"alvocidib","0.25","5",0.142087821,"alvocidib_5_0.25"
"amsacrine_0.3125_0.015625",1.01588167316493,-1.02259767043628,0.598695576597629,"amsacrine","0.015625","0.3125",1.036945813,"amsacrine_0.3125_0.015625"
"amsacrine_0.625_0.03125",-0.713798303399832,2.08608616397612,0.246129837985897,"amsacrine","0.03125","0.625",0.837848933,"amsacrine_0.625_0.03125"
"amsacrine_1.25_0.0625",0.930945904445175,-0.752934114268092,-4.53937963413888,"amsacrine","0.0625","1.25",0.405172414,"amsacrine_1.25_0.0625"
"amsacrine_10_0.5",0.982793729059287,-0.856552650490015,-4.75225748064353,"amsacrine","0.5","10",0.358784893,"amsacrine_10_0.5"
"amsacrine_2.5_0.125",0.927619654516856,-0.779037169503269,-4.62127318560735,"amsacrine","0.125","2.5",0.401888342,"amsacrine_2.5_0.125"
"amsacrine_20_1",1.12416126139134,-0.952052420178179,-4.90935001133886,"amsacrine","1","20",0.328817734,"amsacrine_20_1"
"amsacrine_5_0.25",0.988521239581431,-0.809371436377097,-4.71151556481655,"amsacrine","0.25","5",0.32183908,"amsacrine_5_0.25"
"amygdalin_0.3125_0.015625",1.50389380101952,-1.99662494457098,0.156203515647623,"amygdalin","0.015625","0.3125",1.089063795,"amygdalin_0.3125_0.015625"
"amygdalin_0.625_0.03125",1.35287358288168,-2.12605903368881,0.00231605315290628,"amygdalin","0.03125","0.625",1.064208782,"amygdalin_0.625_0.03125"
"amygdalin_1.25_0.0625",1.42617739364951,-2.08935078295247,-0.0189424807978906,"amygdalin","0.0625","1.25",1.069594035,"amygdalin_1.25_0.0625"
"amygdalin_10_0.5",0.362599932228387,-1.87881132148735,0.696898641782143,"amygdalin","0.5","10",1.050538525,"amygdalin_10_0.5"
"amygdalin_2.5_0.125",1.33933368744596,-2.06160665164446,0.0872220740015057,"amygdalin","0.125","2.5",1.02071251,"amygdalin_2.5_0.125"
"amygdalin_20_1",0.00434498051108556,-1.31962718556159,0.536602945373893,"amygdalin","1","20",0.973902237,"amygdalin_20_1"
"amygdalin_5_0.25",1.34784156403404,-1.78712722326723,0.0549704285848154,"amygdalin","0.25","5",0.921292461,"amygdalin_5_0.25"
"anisomycin_0.3125_0.015625",0.167079436767195,0.151964574046684,1.21554290876697,"anisomycin","0.015625","0.3125",0.793924466,"anisomycin_0.3125_0.015625"
"anisomycin_0.625_0.03125",1.30779409019704,-1.60949468748669,-4.43217700356055,"anisomycin","0.03125","0.625",0.501642036,"anisomycin_0.625_0.03125"
"anisomycin_1.25_0.0625",1.44131065491762,-0.995181579418481,-5.54174239769642,"anisomycin","0.0625","1.25",0.185550082,"anisomycin_1.25_0.0625"
"anisomycin_10_0.5",1.50497778785435,-0.98865136375842,-5.95634223009034,"anisomycin","0.5","10",0.035714286,"anisomycin_10_0.5"
"anisomycin_2.5_0.125",1.51186325944697,-1.05296680405314,-5.84020033043469,"anisomycin","0.125","2.5",0.040229885,"anisomycin_2.5_0.125"
"anisomycin_20_1",1.46137595415949,-1.03116977414243,-5.33159325932817,"anisomycin","1","20",0.052955665,"anisomycin_20_1"
"anisomycin_5_0.25",1.51182214553359,-0.992754117512168,-5.95577566214895,"anisomycin","0.25","5",0.02134647,"anisomycin_5_0.25"
"antimycin-a_0.15625_0.015625",1.76741139382493,-2.01413055435966,0.992112733474432,"antimycin-a","0.015625","0.15625",1.043924466,"antimycin-a_0.15625_0.015625"
"antimycin-a_0.3125_0.03125",1.26141867429501,-2.26582987224853,0.168206867631638,"antimycin-a","0.03125","0.3125",1.015599343,"antimycin-a_0.3125_0.03125"
"antimycin-a_0.625_0.0625",1.1858654064408,-2.3329411223056,0.119407735503049,"antimycin-a","0.0625","0.625",0.799261084,"antimycin-a_0.625_0.0625"
"antimycin-a_1.25_0.125",-0.0600484199644893,0.445253368325373,-1.77233297922857,"antimycin-a","0.125","1.25",0.64408867,"antimycin-a_1.25_0.125"
"antimycin-a_10_1",8.35838614425821e-05,0.461374340478732,-1.79781607632935,"antimycin-a","1","10",0.507389163,"antimycin-a_10_1"
"antimycin-a_2.5_0.25",-0.0399205866777528,0.488187230072689,-1.77185509142201,"antimycin-a","0.25","2.5",0.587438424,"antimycin-a_2.5_0.25"
"antimycin-a_5_0.5",-0.0695744495812047,0.482036731264179,-1.84333189541042,"antimycin-a","0.5","5",0.496715928,"antimycin-a_5_0.5"
"belinostat_0.3125_0.015625",0.316670813283944,-2.05542641920654,1.31046201536249,"belinostat","0.015625","0.3125",1.070607553,"belinostat_0.3125_0.015625"
"belinostat_0.625_0.03125",0.357863232872058,-2.04056486546821,1.4244068598052,"belinostat","0.03125","0.625",1.030377668,"belinostat_0.625_0.03125"
"belinostat_1.25_0.0625",0.0719087979495001,-1.81010238402831,1.04955051207168,"belinostat","0.0625","1.25",1.101395731,"belinostat_1.25_0.0625"
"belinostat_10_0.5",0.896428094303911,-1.11956152833165,-3.93174240051529,"belinostat","0.5","10",0.556650246,"belinostat_10_0.5"
"belinostat_2.5_0.125",0.0896039290830366,-1.88385890856375,1.2512128780518,"belinostat","0.125","2.5",1.070607553,"belinostat_2.5_0.125"
"belinostat_20_1",1.61829505459792,-1.63872383573975,-4.50570029526204,"belinostat","1","20",0.350574713,"belinostat_20_1"
"belinostat_5_0.25",0.0704189749892001,-1.39623951067211,1.14456889080054,"belinostat","0.25","5",1.043103448,"belinostat_5_0.25"
"bendamustine_0.3125_0.015625",1.18575035331294,-1.20255291151776,0.868562630799734,"bendamustine","0.015625","0.3125",0.944904722,"bendamustine_0.3125_0.015625"
"bendamustine_0.625_0.03125",1.19687806721348,-1.12030397456107,0.923480827337588,"bendamustine","0.03125","0.625",0.814415907,"bendamustine_0.625_0.03125"
"bendamustine_1.25_0.0625",1.13048834925347,-1.69314871374023,-4.4378416422876,"bendamustine","0.0625","1.25",0.264705882,"bendamustine_1.25_0.0625"
"bendamustine_10_0.5",1.60541142793772,-1.64273073640719,-4.60484576445383,"bendamustine","0.5","10",0.132974316,"bendamustine_10_0.5"
"bendamustine_2.5_0.125",1.51854210115251,-1.60196383892691,-4.42653703489878,"bendamustine","0.125","2.5",0.10024855,"bendamustine_2.5_0.125"
"bendamustine_20_1",1.6632841406815,-1.4012533651632,-4.86265563364447,"bendamustine","1","20",0.161971831,"bendamustine_20_1"
"bendamustine_5_0.25",1.56009983946812,-1.58813873570468,-4.56586333614964,"bendamustine","0.25","5",0.145401823,"bendamustine_5_0.25"
"bleomycin_0.3125_0.015625",-0.18041752598699,-0.299267048003414,-2.26576891310584,"bleomycin","0.015625","0.3125",0.746064623,"bleomycin_0.3125_0.015625"
"bleomycin_0.625_0.03125",-0.222783171956982,-0.240441916543948,-2.20951832289904,"bleomycin","0.03125","0.625",0.848798674,"bleomycin_0.625_0.03125"
"bleomycin_1.25_0.0625",-0.209045624718265,-0.258452571757373,-2.16713482702476,"bleomycin","0.0625","1.25",0.79991715,"bleomycin_1.25_0.0625"
"bleomycin_10_0.5",-0.233803658320098,-0.224890851451217,-2.21041264943626,"bleomycin","0.5","10",0.817315659,"bleomycin_10_0.5"
"bleomycin_2.5_0.125",-0.241847184348753,-0.209524810056091,-2.22918056027554,"bleomycin","0.125","2.5",0.933305717,"bleomycin_2.5_0.125"
"bleomycin_20_1",-0.21812472130217,-0.220754518899825,-2.18595759868157,"bleomycin","1","20",0.794117647,"bleomycin_20_1"
"bleomycin_5_0.25",-0.218901435929396,-0.240656800345658,-2.24043090338821,"bleomycin","0.25","5",0.701325601,"bleomycin_5_0.25"
"brefeldin-a_0.3125_0.015625",-0.902518871158599,-2.29625640456825,-5.20895499549398,"brefeldin-a","0.015625","0.3125",0.542667771,"brefeldin-a_0.3125_0.015625"
"brefeldin-a_0.625_0.03125",-0.948464438369311,-2.33099805577578,-5.22915557325657,"brefeldin-a","0.03125","0.625",0.544739022,"brefeldin-a_0.625_0.03125"
"brefeldin-a_1.25_0.0625",-0.948301063182362,-2.3274474474434,-5.22880914492573,"brefeldin-a","0.0625","1.25",0.527340514,"brefeldin-a_1.25_0.0625"
"brefeldin-a_10_0.5",-0.933410099202636,-2.32486906462403,-5.22510657726739,"brefeldin-a","0.5","10",0.644159072,"brefeldin-a_10_0.5"
"brefeldin-a_2.5_0.125",-1.02208289128244,-2.41578805602953,-5.29915535214893,"brefeldin-a","0.125","2.5",0.584092792,"brefeldin-a_2.5_0.125"
"brefeldin-a_20_1",-0.950898248733406,-2.33907345425121,-5.23613799509561,"brefeldin-a","1","20",0.576636288,"brefeldin-a_20_1"
"brefeldin-a_5_0.25",-0.956705579932204,-2.34406679683916,-5.23354104819652,"brefeldin-a","0.25","5",0.585749793,"brefeldin-a_5_0.25"
"BTB06584_0.3125_0.015625",0.433965334322006,-2.15779606173733,1.46534057882223,"BTB06584","0.015625","0.3125",1.050952775,"BTB06584_0.3125_0.015625"
"BTB06584_0.625_0.03125",0.758112131196874,-2.45386664361556,1.48615349934757,"BTB06584","0.03125","0.625",1.076222038,"BTB06584_0.625_0.03125"
"BTB06584_1.25_0.0625",0.76017713169458,-2.30198951571489,1.24867921722797,"BTB06584","0.0625","1.25",1.106462303,"BTB06584_1.25_0.0625"
"BTB06584_10_0.5",0.292463049254158,-1.15552219725695,2.17053255896843,"BTB06584","0.5","10",0.944490472,"BTB06584_10_0.5"
"BTB06584_2.5_0.125",0.578956775296717,-2.42771203888256,1.51859533178939,"BTB06584","0.125","2.5",1.057166529,"BTB06584_2.5_0.125"
"BTB06584_20_1",-0.578887007483289,1.24997330529099,2.32759200393554,"BTB06584","1","20",0.965617233,"BTB06584_20_1"
"BTB06584_5_0.25",0.625886186936493,-2.18634201223212,1.73395480812568,"BTB06584","0.25","5",0.996685998,"BTB06584_5_0.25"
"chlortetracycline_0.3125_0.015625",0.877504038839663,-1.93903015292474,1.23234167615821,"chlortetracycline","0.015625","0.3125",1.122618061,"chlortetracycline_0.3125_0.015625"
"chlortetracycline_0.625_0.03125",1.04379184269977,-1.94608460178964,0.969906171913929,"chlortetracycline","0.03125","0.625",1.072908036,"chlortetracycline_0.625_0.03125"
"chlortetracycline_1.25_0.0625",0.964524942668219,-2.07249959801222,0.72930269572642,"chlortetracycline","0.0625","1.25",1.075393538,"chlortetracycline_1.25_0.0625"
"chlortetracycline_10_0.5",1.764366779518,-1.4371751134557,1.08913869388243,"chlortetracycline","0.5","10",0.933305717,"chlortetracycline_10_0.5"
"chlortetracycline_2.5_0.125",1.06904000216917,-1.91710186708936,0.962630038706086,"chlortetracycline","0.125","2.5",1.06048053,"chlortetracycline_2.5_0.125"
"chlortetracycline_20_1",0.627565843565524,0.293912823805811,1.08563512087583,"chlortetracycline","1","20",0.782518641,"chlortetracycline_20_1"
"chlortetracycline_5_0.25",1.11433559740392,-1.90868873902855,0.821678478600678,"chlortetracycline","0.25","5",1.016570008,"chlortetracycline_5_0.25"
"cisplatin_0.15625_0.015625",0.93123227436893,-1.81554095775638,1.45068880316815,"cisplatin","0.015625","0.15625",1.066091954,"cisplatin_0.15625_0.015625"
"cisplatin_0.3125_0.03125",0.115967207925426,-1.83532328301694,0.994149428425271,"cisplatin","0.03125","0.3125",1.043924466,"cisplatin_0.3125_0.03125"
"cisplatin_0.625_0.0625",0.386592840986765,-1.93386915463202,1.02279156156164,"cisplatin","0.0625","0.625",1.124794745,"cisplatin_0.625_0.0625"
"cisplatin_1.25_0.125",0.747148691663171,-1.87474026517908,1.33792001960095,"cisplatin","0.125","1.25",1.02955665,"cisplatin_1.25_0.125"
"cisplatin_10_1",0.598092413540391,-1.87750850450232,2.15639335321932,"cisplatin","1","10",0.948275862,"cisplatin_10_1"
"cisplatin_2.5_0.25",0.967203199755514,-1.93462949050468,1.72191313739734,"cisplatin","0.25","2.5",1.017241379,"cisplatin_2.5_0.25"
"cisplatin_5_0.5",-0.0206026637263512,-1.08333120742466,1.36176044174693,"cisplatin","0.5","5",1.022988506,"cisplatin_5_0.5"
"CK-636_0.3125_0.015625",1.15113613304844,-1.96914235966414,1.19246526800698,"CK-636","0.015625","0.3125",1.06048053,"CK-636_0.3125_0.015625"
"CK-636_0.625_0.03125",0.917886507430088,-1.69210925256977,1.64369945673765,"CK-636","0.03125","0.625",0.970588235,"CK-636_0.625_0.03125"
"CK-636_1.25_0.0625",1.83543835594309,-1.73753883106258,1.32367172162451,"CK-636","0.0625","1.25",1.013670257,"CK-636_1.25_0.0625"
"CK-636_10_0.5",-0.835571877069202,1.20869262625036,3.03516512493573,"CK-636","0.5","10",0.961474731,"CK-636_10_0.5"
"CK-636_2.5_0.125",1.72789898184745,-1.92527729547105,1.29387215780588,"CK-636","0.125","2.5",1.008699254,"CK-636_2.5_0.125"
"CK-636_20_1",-0.956512840071861,1.38553944834686,2.99451508738365,"CK-636","1","20",0.864954432,"CK-636_20_1"
"CK-636_5_0.25",1.34620825475564,-2.03383321811041,1.78460533121184,"CK-636","0.25","5",0.976801988,"CK-636_5_0.25"
"CPI-613_0.3125_0.015625",0.43180140699126,-2.31266454730905,1.78172814203586,"CPI-613","0.015625","0.3125",1.009113505,"CPI-613_0.3125_0.015625"
"CPI-613_0.625_0.03125",-0.202373892133427,-1.65078712122924,0.500026192687749,"CPI-613","0.03125","0.625",0.992957746,"CPI-613_0.625_0.03125"
"CPI-613_1.25_0.0625",0.607392485636155,-2.30488732799205,1.45539284428406,"CPI-613","0.0625","1.25",0.974730737,"CPI-613_1.25_0.0625"
"CPI-613_10_0.5",0.326174290310131,-2.05792141357774,0.863476840984761,"CPI-613","0.5","10",1.113918807,"CPI-613_10_0.5"
"CPI-613_2.5_0.125",-0.225461934999727,-1.77227507478695,0.654692737267865,"CPI-613","0.125","2.5",1.038525269,"CPI-613_2.5_0.125"
"CPI-613_20_1",0.412538061431299,-2.09800258948374,0.964088042069719,"CPI-613","1","20",1.054681027,"CPI-613_20_1"
"CPI-613_5_0.25",0.549861195419838,-2.23003507913329,0.786328082296079,"CPI-613","0.25","5",1.144573322,"CPI-613_5_0.25"
"cytochalasin-d_0.000781_0.015625",-0.422436888333231,1.56757017655403,-0.563533705694536,"cytochalasin-d","0.015625","0.000781",0.937602627,"cytochalasin-d_0.000781_0.015625"
"cytochalasin-d_0.0015625_0.03125",-1.15508562890556,1.39822229206623,1.52737898615453,"cytochalasin-d","0.03125","0.0015625",0.944170772,"cytochalasin-d_0.0015625_0.03125"
"cytochalasin-d_0.003125_0.0625",-0.688536509896626,0.431426760964615,1.23900089279727,"cytochalasin-d","0.0625","0.003125",0.899425287,"cytochalasin-d_0.003125_0.0625"
"cytochalasin-d_0.00625_0.125",-0.272826116980269,-0.961824824521857,1.12979247264142,"cytochalasin-d","0.125","0.00625",1.002052545,"cytochalasin-d_0.00625_0.125"
"cytochalasin-d_0.0125_0.25",0.483620504474848,-2.07715801327931,-5.28153212846101,"cytochalasin-d","0.25","0.0125",0.642857143,"cytochalasin-d_0.0125_0.25"
"cytochalasin-d_0.025_0.5",0.50354954306184,-2.0993081257389,-5.36610679200545,"cytochalasin-d","0.5","0.025",0.463054187,"cytochalasin-d_0.025_0.5"
"cytochalasin-d_0.05_1",0.508012215460881,-2.0843651825787,-5.36156621517701,"cytochalasin-d","1","0.05",0.403119869,"cytochalasin-d_0.05_1"
"dactinomycin_0.3125_0.015625",-0.122912501082057,-1.61536272796333,0.877772611445659,"dactinomycin","0.015625","0.3125",0.927750411,"dactinomycin_0.3125_0.015625"
"dactinomycin_0.625_0.03125",0.30465016445467,-1.91754617510254,1.05054089525938,"dactinomycin","0.03125","0.625",0.889573071,"dactinomycin_0.625_0.03125"
"dactinomycin_1.25_0.0625",-0.0519832351957756,-1.72079750733602,0.52279257636591,"dactinomycin","0.0625","1.25",0.806650246,"dactinomycin_1.25_0.0625"
"dactinomycin_10_0.5",1.29385185226184,-1.5087000525571,-4.62106324212442,"dactinomycin","0.5","10",0.380541872,"dactinomycin_10_0.5"
"dactinomycin_2.5_0.125",0.42015017981867,-0.899474298769119,-1.03716457366266,"dactinomycin","0.125","2.5",0.740968801,"dactinomycin_2.5_0.125"
"dactinomycin_20_1",1.47084539083785,-1.22193400999499,-5.07826542609963,"dactinomycin","1","20",0.229474548,"dactinomycin_20_1"
"dactinomycin_5_0.25",0.732870541158735,-1.68064865113152,-2.76092848858536,"dactinomycin","0.25","5",0.729885057,"dactinomycin_5_0.25"
"daunorubicin_0.078125_0.015625",1.6914297225339,-1.4549489938944,0.733803205220783,"daunorubicin","0.015625","0.078125",0.92004971,"daunorubicin_0.078125_0.015625"
"daunorubicin_0.15625_0.03125",1.57349789245116,-1.37005781125796,0.469208526831383,"daunorubicin","0.03125","0.15625",0.927920464,"daunorubicin_0.15625_0.03125"
"daunorubicin_0.3125_0.0625",1.66433667293311,-1.51458857178931,0.601118127550256,"daunorubicin","0.0625","0.3125",0.95981773,"daunorubicin_0.3125_0.0625"
"daunorubicin_0.625_0.125",0.856290134044198,-1.73469632372667,-2.41125815619958,"daunorubicin","0.125","0.625",0.829328915,"daunorubicin_0.625_0.125"
"daunorubicin_1.25_0.25",1.14173105481371,-2.55063700938171,-3.27156164357714,"daunorubicin","0.25","1.25",0.456917978,"daunorubicin_1.25_0.25"
"daunorubicin_2.5_0.5",1.15993151108656,-2.03964379979321,-4.07698369145021,"daunorubicin","0.5","2.5",0.375724938,"daunorubicin_2.5_0.5"
"daunorubicin_5_1",1.52140602191484,-1.18970396161854,-5.28862171263821,"daunorubicin","1","5",0.183098592,"daunorubicin_5_1"
"deforolimus_0.078125_0.015625",1.61973090749793,-2.1263699901884,1.22813844715252,"deforolimus","0.015625","0.078125",0.963875205,"deforolimus_0.078125_0.015625"
"deforolimus_0.15625_0.03125",-1.20118089072405,-0.672546029812919,-5.22527224269503,"deforolimus","0.03125","0.15625",0.740147783,"deforolimus_0.15625_0.03125"
"deforolimus_0.3125_0.0625",-1.20625259819536,-0.678499767143465,-5.30164665408304,"deforolimus","0.0625","0.3125",0.655172414,"deforolimus_0.3125_0.0625"
"deforolimus_0.625_0.125",-1.20939669943354,-0.676874623393319,-5.31360325835222,"deforolimus","0.125","0.625",0.557060755,"deforolimus_0.625_0.125"
"deforolimus_1.25_0.25",-1.17421180905913,-0.668230278084987,-5.26718944062794,"deforolimus","0.25","1.25",0.503694581,"deforolimus_1.25_0.25"
"deforolimus_2.5_0.5",-1.13148509283291,-0.794312365198911,-5.3360342213383,"deforolimus","0.5","2.5",0.581691297,"deforolimus_2.5_0.5"
"deforolimus_5_1",-0.817875587466712,-1.02546478570517,-5.23869235733639,"deforolimus","1","5",0.381773399,"deforolimus_5_1"
"desipramine_0.3125_0.015625",1.5243912893539,-1.27077185365547,0.103472957615874,"desipramine","0.015625","0.3125",0.822249589,"desipramine_0.3125_0.015625"
"desipramine_0.625_0.03125",1.024176216675,-2.18248020790914,-2.84996557839037,"desipramine","0.03125","0.625",0.550492611,"desipramine_0.625_0.03125"
"desipramine_1.25_0.0625",1.0942784004241,-2.29190538760911,-2.9677351485686,"desipramine","0.0625","1.25",0.488505747,"desipramine_1.25_0.0625"
"desipramine_10_0.5",1.51009010016526,-1.13238673567277,-5.16999723220203,"desipramine","0.5","10",0.243431856,"desipramine_10_0.5"
"desipramine_2.5_0.125",1.14313415961279,-2.45441331071491,-3.28431647744058,"desipramine","0.125","2.5",0.480706076,"desipramine_2.5_0.125"
"desipramine_20_1",1.54952414281797,-1.03234554033336,-5.29229534674528,"desipramine","1","20",0.189244663,"desipramine_20_1"
"desipramine_5_0.25",1.33428895401917,-1.08018105173809,-5.09685340806867,"desipramine","0.25","5",0.379310345,"desipramine_5_0.25"
"digitoxin_0.078125_0.015625",-0.0900267496997449,-1.44727330973725,1.12178142684131,"digitoxin","0.015625","0.078125",1.071428571,"digitoxin_0.078125_0.015625"
"digitoxin_0.15625_0.03125",0.527339565990824,-2.3212218098898,2.06972088792994,"digitoxin","0.03125","0.15625",1.018883415,"digitoxin_0.15625_0.03125"
"digitoxin_0.3125_0.0625",0.555991046217737,-1.39082436457282,0.308136486117543,"digitoxin","0.0625","0.3125",1.03817734,"digitoxin_0.3125_0.0625"
"digitoxin_0.625_0.125",-0.0950602912464082,-1.80203909081784,0.650364683451794,"digitoxin","0.125","0.625",1.10591133,"digitoxin_0.625_0.125"
"digitoxin_1.25_0.25",-0.034717423740612,-1.96548094024491,0.998925858290113,"digitoxin","0.25","1.25",1.130541872,"digitoxin_1.25_0.25"
"digitoxin_2.5_0.5",-0.0475141156675989,-1.84993519577701,0.66702824520056,"digitoxin","0.5","2.5",1.094006568,"digitoxin_2.5_0.5"
"digitoxin_5_1",0.00321969804498479,-1.91665905654169,0.648467367974979,"digitoxin","1","5",1.108784893,"digitoxin_5_1"
"doxorubicin_0.078125_0.015625",-0.298017834194628,1.28693221524416,-0.89413426807077,"doxorubicin","0.015625","0.078125",0.933305717,"doxorubicin_0.078125_0.015625"
"doxorubicin_0.15625_0.03125",-0.286396519178091,1.25236560893092,-0.939657844737798,"doxorubicin","0.03125","0.15625",1.030654515,"doxorubicin_0.15625_0.03125"
"doxorubicin_0.3125_0.0625",-0.281454776176536,1.24183729705071,-0.957729319556341,"doxorubicin","0.0625","0.3125",0.932477216,"doxorubicin_0.3125_0.0625"
"doxorubicin_0.625_0.125",-0.209316380827407,1.07184831079573,-1.07081178927567,"doxorubicin","0.125","0.625",0.835542668,"doxorubicin_0.625_0.125"
"doxorubicin_1.25_0.25",-0.294335725141652,1.27623064632056,-0.944003612211982,"doxorubicin","0.25","1.25",0.83968517,"doxorubicin_1.25_0.25"
"doxorubicin_2.5_0.5",-0.388044447199091,1.0437624411341,-1.53515211263393,"doxorubicin","0.5","2.5",0.753935377,"doxorubicin_2.5_0.5"
"doxorubicin_5_1",0.712930167037319,-1.69876552569044,-4.03830581276558,"doxorubicin","1","5",0.34009942,"doxorubicin_5_1"
"DTT_0.3125_0.015625",0.509295399600346,0.153335848450644,-0.419849081255472,"DTT","0.015625","0.3125",0.863300493,"DTT_0.3125_0.015625"
"DTT_0.625_0.03125",0.515801823889014,0.0551143159683174,-0.478949966065063,"DTT","0.03125","0.625",0.784893268,"DTT_0.625_0.03125"
"DTT_1.25_0.0625",0.440008158248,0.249351680175182,-0.348091301230849,"DTT","0.0625","1.25",0.73316913,"DTT_1.25_0.0625"
"DTT_10_0.5",1.39328323747017,-0.978091926244109,-5.38646191382276,"DTT","0.5","10",0.201149425,"DTT_10_0.5"
"DTT_2.5_0.125",-0.772825901564015,2.36590805087827,1.95488423500656,"DTT","0.125","2.5",0.765188834,"DTT_2.5_0.125"
"DTT_20_1",1.39901692318695,-1.08416921893914,-5.16710815485217,"DTT","1","20",0.110426929,"DTT_20_1"
"DTT_5_0.25",0.642481440690102,-0.0912115255745043,-0.182260485859653,"DTT","0.25","5",0.72865353,"DTT_5_0.25"
"dynasore_0.3125_0.015625",1.88452537781449,-1.72487326277785,1.07394101319797,"dynasore","0.015625","0.3125",0.98053024,"dynasore_0.3125_0.015625"
"dynasore_0.625_0.03125",1.84940253768181,-2.02653516828232,0.935241487756416,"dynasore","0.03125","0.625",1.011184756,"dynasore_0.625_0.03125"
"dynasore_1.25_0.0625",1.36442481800183,-1.74900046103242,0.632572785896169,"dynasore","0.0625","1.25",0.925434963,"dynasore_1.25_0.0625"
"dynasore_10_0.5",1.25328215425442,-1.69285219581961,0.0552460115428703,"dynasore","0.5","10",0.806959403,"dynasore_10_0.5"
"dynasore_2.5_0.125",1.32586661474112,-1.97008345437301,0.384082992903098,"dynasore","0.125","2.5",1.016984258,"dynasore_2.5_0.125"
"dynasore_20_1",0.920342213978449,-0.896143106722889,-0.663728172768148,"dynasore","1","20",0.637945319,"dynasore_20_1"
"dynasore_5_0.25",1.33212716329062,-1.78620722397145,-0.0217132330370262,"dynasore","0.25","5",0.867439934,"dynasore_5_0.25"
"eliglustat_0.3125_0.015625",1.76254980590991,-2.22482742108699,0.94595431400461,"eliglustat","0.015625","0.3125",0.927091964,"eliglustat_0.3125_0.015625"
"eliglustat_0.625_0.03125",1.5297798282154,-2.06684428407079,-0.0101507732227715,"eliglustat","0.03125","0.625",0.977216239,"eliglustat_0.625_0.03125"
"eliglustat_1.25_0.0625",1.43274705488227,-2.12344652392652,0.646089769845445,"eliglustat","0.0625","1.25",0.987986744,"eliglustat_1.25_0.0625"
"eliglustat_10_0.5",1.4813146286925,-1.72721189094234,1.62847141974657,"eliglustat","0.5","10",1.014084507,"eliglustat_10_0.5"
"eliglustat_2.5_0.125",1.65852011195554,-1.98715903410785,1.32472297038168,"eliglustat","0.125","2.5",1.013256007,"eliglustat_2.5_0.125"
"eliglustat_20_1",0.899725278845527,-0.436859743884159,0.54847358020141,"eliglustat","1","20",0.972659486,"eliglustat_20_1"
"eliglustat_5_0.25",1.65616711561352,-1.76189215877402,1.67121371026329,"eliglustat","0.25","5",1.097348799,"eliglustat_5_0.25"
"emetine_0.3125_0.015625",0.0273440564038601,-1.84308874155749,0.747515552581002,"emetine","0.015625","0.3125",1.079228243,"emetine_0.3125_0.015625"
"emetine_0.625_0.03125",1.74105440599342,-2.06910937050323,0.910605098710153,"emetine","0.03125","0.625",1.005747126,"emetine_0.625_0.03125"
"emetine_1.25_0.0625",0.33873669433895,-1.69747274502971,1.30814629496193,"emetine","0.0625","1.25",1.005747126,"emetine_1.25_0.0625"
"emetine_10_0.5",1.0220262643558,-0.704733122211745,0.603233398426174,"emetine","0.5","10",1.045566502,"emetine_10_0.5"
"emetine_2.5_0.125",0.524413919134407,-1.93940915820378,1.38192691267316,"emetine","0.125","2.5",0.993842365,"emetine_2.5_0.125"
"emetine_20_1",0.732082128916135,-0.194749380807509,-0.00606898466327888,"emetine","1","20",0.752873563,"emetine_20_1"
"emetine_5_0.25",1.54470469639395,-1.74284088492399,1.07865473076925,"emetine","0.25","5",1.023809524,"emetine_5_0.25"
"erastin_0.3125_0.015625",1.07760359750304,-2.00911441642217,0.536705442087735,"erastin","0.015625","0.3125",1.041425021,"erastin_0.3125_0.015625"
"erastin_0.625_0.03125",1.07643440955107,-1.96396363418135,0.491329298105705,"erastin","0.03125","0.625",1.067108534,"erastin_0.625_0.03125"
"erastin_1.25_0.0625",1.26051276162571,-1.63660090274096,0.898520445350984,"erastin","0.0625","1.25",1.034797017,"erastin_1.25_0.0625"
"erastin_10_0.5",0.728913487923902,-1.79817157862834,1.81704337417066,"erastin","0.5","10",0.977630489,"erastin_10_0.5"
"erastin_2.5_0.125",1.27636197321041,-1.48081545774619,1.08356242403357,"erastin","0.125","2.5",1.023612262,"erastin_2.5_0.125"
"erastin_20_1",1.0744712246752,-1.06472253405144,1.30341589189624,"erastin","1","20",0.981772991,"erastin_20_1"
"erastin_5_0.25",1.28503080544656,-1.62837937302703,1.13267182447023,"erastin","0.25","5",1.085749793,"erastin_5_0.25"
"FCCP_0.3125_0.015625",1.88329106746864,-1.82004142322906,1.28843042189412,"FCCP","0.015625","0.3125",0.96064623,"FCCP_0.3125_0.015625"
"FCCP_0.625_0.03125",1.95583405367237,-1.92544417579088,1.11192172383832,"FCCP","0.03125","0.625",0.944904722,"FCCP_0.625_0.03125"
"FCCP_1.25_0.0625",0.430237479050871,-1.30700011558051,2.07038751597492,"FCCP","0.0625","1.25",0.882767191,"FCCP_1.25_0.0625"
"FCCP_10_0.5",0.502332601096605,0.136546717510531,-0.393543704133774,"FCCP","0.5","10",0.621789561,"FCCP_10_0.5"
"FCCP_2.5_0.125",0.283607056378485,-1.05295742894289,0.300198242149827,"FCCP","0.125","2.5",0.867025684,"FCCP_2.5_0.125"
"FCCP_20_1",-0.0732618476826707,0.63019905526241,-1.60190594392561,"FCCP","1","20",0.703811102,"FCCP_20_1"
"FCCP_5_0.25",0.867061722580151,-1.52764559043871,0.823982196004305,"FCCP","0.25","5",0.897265949,"FCCP_5_0.25"
"floxuridine_0.3125_0.015625",-0.0306529259244535,-0.628518501732821,-2.18937054795312,"floxuridine","0.015625","0.3125",0.805716653,"floxuridine_0.3125_0.015625"
"floxuridine_0.625_0.03125",-0.0250931715069616,-0.599099436160048,-2.27255351586569,"floxuridine","0.03125","0.625",0.815244408,"floxuridine_0.625_0.03125"
"floxuridine_1.25_0.0625",-0.0184961706411555,-0.614694176516136,-2.27516069496998,"floxuridine","0.0625","1.25",0.743579122,"floxuridine_1.25_0.0625"
"floxuridine_10_0.5",-0.110216675816298,-0.330834228213161,-1.76747388107792,"floxuridine","0.5","10",0.57995029,"floxuridine_10_0.5"
"floxuridine_2.5_0.125",0.0851629759878418,-0.710506192489625,-2.3539353801756,"floxuridine","0.125","2.5",0.681441591,"floxuridine_2.5_0.125"
"floxuridine_20_1",-0.055152521388226,-0.490803616079322,-2.07002719328824,"floxuridine","1","20",0.558409279,"floxuridine_20_1"
"floxuridine_5_0.25",-0.0115977026561493,-0.588062634388981,-2.22056785886706,"floxuridine","0.25","5",0.608533554,"floxuridine_5_0.25"
"fluvastatin_0.3125_0.015625",-0.168339930289248,-0.384101838656643,-1.35678943738471,"fluvastatin","0.015625","0.3125",0.900656814,"fluvastatin_0.3125_0.015625"
"fluvastatin_0.625_0.03125",-0.118472437451968,-0.225706620636493,-1.6348030618363,"fluvastatin","0.03125","0.625",0.847701149,"fluvastatin_0.625_0.03125"
"fluvastatin_1.25_0.0625",-0.10859312154885,-0.348174691267438,-1.52556439828699,"fluvastatin","0.0625","1.25",0.866995074,"fluvastatin_1.25_0.0625"
"fluvastatin_10_0.5",-0.0819579542276749,-0.455416745423621,-1.34074588277986,"fluvastatin","0.5","10",0.701559934,"fluvastatin_10_0.5"
"fluvastatin_2.5_0.125",-0.043476567420758,-0.251466409550472,-1.50773210378998,"fluvastatin","0.125","2.5",0.776683087,"fluvastatin_2.5_0.125"
"fluvastatin_20_1",0.439423159095035,-1.76943788916773,-4.52696881571078,"fluvastatin","1","20",0.441297209,"fluvastatin_20_1"
"fluvastatin_5_0.25",-0.0341686795626746,-0.456073095971186,-1.40409493519338,"fluvastatin","0.25","5",0.825533662,"fluvastatin_5_0.25"
"gemcitabine_0.3125_0.015625",-1.94796042668853,2.35499949801888,1.26468607217912,"gemcitabine","0.015625","0.3125",1.028997514,"gemcitabine_0.3125_0.015625"
"gemcitabine_0.625_0.03125",0.441969228724111,-2.06452114165604,-5.35307546908569,"gemcitabine","0.03125","0.625",0.658243579,"gemcitabine_0.625_0.03125"
"gemcitabine_1.25_0.0625",0.454329938715118,-2.05451117984193,-5.36278924985634,"gemcitabine","0.0625","1.25",0.435376968,"gemcitabine_1.25_0.0625"
"gemcitabine_10_0.5",0.405011560286903,-2.06074672625983,-5.31721915366109,"gemcitabine","0.5","10",0.37903894,"gemcitabine_10_0.5"
"gemcitabine_2.5_0.125",0.375790148086766,-2.01527241483174,-5.30689483427389,"gemcitabine","0.125","2.5",0.373653687,"gemcitabine_2.5_0.125"
"gemcitabine_20_1",0.404342403094156,-2.0477965913827,-5.35824801429974,"gemcitabine","1","20",0.412178956,"gemcitabine_20_1"
"gemcitabine_5_0.25",0.352046142142344,-1.99190437151193,-5.33535163991555,"gemcitabine","0.25","5",0.396023198,"gemcitabine_5_0.25"
"golgicide-A_0.3125_0.015625",1.66399716647868,-2.17137446398064,0.492763479503389,"golgicide-A","0.015625","0.3125",0.98094449,"golgicide-A_0.3125_0.015625"
"golgicide-A_0.625_0.03125",1.72008796456769,-2.07269907202534,0.198905584916517,"golgicide-A","0.03125","0.625",1,"golgicide-A_0.625_0.03125"
"golgicide-A_1.25_0.0625",1.59962027547259,-2.13129123628427,0.127582591170399,"golgicide-A","0.0625","1.25",0.928748964,"golgicide-A_1.25_0.0625"
"golgicide-A_10_0.5",0.98324478425997,-1.94241353310947,1.55798649424467,"golgicide-A","0.5","10",0.825600663,"golgicide-A_10_0.5"
"golgicide-A_2.5_0.125",1.34176021409345,-2.14920434075753,0.53928509558081,"golgicide-A","0.125","2.5",1.061723281,"golgicide-A_2.5_0.125"
"golgicide-A_20_1",0.067383137274714,0.27639701777118,-1.690153161123,"golgicide-A","1","20",0.565865783,"golgicide-A_20_1"
"golgicide-A_5_0.25",0.993911610095509,-1.98166229684172,1.12992549637788,"golgicide-A","0.25","5",1.026926263,"golgicide-A_5_0.25"
"haloperidol_0.3125_0.015625",-0.392655842606954,-1.45131579222028,0.725948043064877,"haloperidol","0.015625","0.3125",1.01988401,"haloperidol_0.3125_0.015625"
"haloperidol_0.625_0.03125",-0.300457581455018,-1.27966043023269,0.864380371558149,"haloperidol","0.03125","0.625",0.984672742,"haloperidol_0.625_0.03125"
"haloperidol_1.25_0.0625",0.407707086606395,-1.64932502020916,1.67570579209267,"haloperidol","0.0625","1.25",0.892709196,"haloperidol_1.25_0.0625"
"haloperidol_10_0.5",-0.456352548824155,-1.29065046439138,0.646102237476178,"haloperidol","0.5","10",1.004142502,"haloperidol_10_0.5"
"haloperidol_2.5_0.125",0.2179434022915,-1.45861009806503,1.47769619565504,"haloperidol","0.125","2.5",0.93910522,"haloperidol_2.5_0.125"
"haloperidol_20_1",-0.414882496995472,-1.27051749442584,0.678496391404347,"haloperidol","1","20",0.955675228,"haloperidol_20_1"
"haloperidol_5_0.25",-0.404858141613267,-1.35058130226512,0.668075468636193,"haloperidol","0.25","5",0.97928749,"haloperidol_5_0.25"
"irinotecan_0.3125_0.015625",1.37543351138668,-1.46027164021199,0.262073174606193,"irinotecan","0.015625","0.3125",0.950289975,"irinotecan_0.3125_0.015625"
"irinotecan_0.625_0.03125",0.998744959183071,-1.78566656126305,-2.05786672671032,"irinotecan","0.03125","0.625",0.794946147,"irinotecan_0.625_0.03125"
"irinotecan_1.25_0.0625",0.98354677651514,-2.03313989861069,-2.6214788974874,"irinotecan","0.0625","1.25",0.732394366,"irinotecan_1.25_0.0625"
"irinotecan_10_0.5",1.15641290631308,-2.36086082887243,-3.3029852875152,"irinotecan","0.5","10",0.591963546,"irinotecan_10_0.5"
"irinotecan_2.5_0.125",1.04830679876281,-2.21217096539051,-2.8557202700095,"irinotecan","0.125","2.5",0.665285833,"irinotecan_2.5_0.125"
"irinotecan_20_1",1.05387427130199,-2.52466230195116,-3.15976315349782,"irinotecan","1","20",0.611847556,"irinotecan_20_1"
"irinotecan_5_0.25",1.12398526500432,-2.37243030208594,-3.05384646992809,"irinotecan","0.25","5",0.63960232,"irinotecan_5_0.25"
"latrunculin-a_0.000781_0.015625",0.497339940386781,-2.13330383794098,-5.43477287724968,"latrunculin-a","0.015625","0.000781",0.372331691,"latrunculin-a_0.000781_0.015625"
"latrunculin-a_0.0015625_0.03125",0.820287855238415,-0.699584767222923,-4.30322962247022,"latrunculin-a","0.03125","0.0015625",0.437602627,"latrunculin-a_0.0015625_0.03125"
"latrunculin-a_0.003125_0.0625",0.834592014424918,-0.762076799926845,-4.56161857837238,"latrunculin-a","0.0625","0.003125",0.369047619,"latrunculin-a_0.003125_0.0625"
"latrunculin-a_0.00625_0.125",0.924194726810215,-0.751844241242003,-4.61950515486829,"latrunculin-a","0.125","0.00625",0.311576355,"latrunculin-a_0.00625_0.125"
"latrunculin-a_0.0125_0.25",0.8583838848562,-0.832702146635129,-4.78675398022346,"latrunculin-a","0.25","0.0125",0.277914614,"latrunculin-a_0.0125_0.25"
"latrunculin-a_0.025_0.5",0.977368930886219,-0.855571108659692,-4.85550440156826,"latrunculin-a","0.5","0.025",0.193760263,"latrunculin-a_0.025_0.5"
"latrunculin-a_0.05_1",1.41288135231688,-0.981716845028587,-5.58327835550191,"latrunculin-a","1","0.05",0.121100164,"latrunculin-a_0.05_1"
"leupeptin_0.3125_0.015625",0.763666228121175,-1.87866287745235,1.4469675513703,"leupeptin","0.015625","0.3125",1.071665286,"leupeptin_0.3125_0.015625"
"leupeptin_0.625_0.03125",0.944617944741655,-2.30193787387741,1.13933700841447,"leupeptin","0.03125","0.625",1.089063795,"leupeptin_0.625_0.03125"
"leupeptin_1.25_0.0625",1.10734048737969,-1.37516296586448,1.2602106364972,"leupeptin","0.0625","1.25",0.932891466,"leupeptin_1.25_0.0625"
"leupeptin_10_0.5",-0.414906155146982,1.00785242257097,1.75423493615617,"leupeptin","0.5","10",1.028583264,"leupeptin_10_0.5"
"leupeptin_2.5_0.125",0.997926325119531,-2.05419986467571,1.04647550146341,"leupeptin","0.125","2.5",1.092377796,"leupeptin_2.5_0.125"
"leupeptin_20_1",-0.287708035470116,1.4200006027844,1.63007367497221,"leupeptin","1","20",1.014084507,"leupeptin_20_1"
"leupeptin_5_0.25",0.906488118138655,-2.028468172056,1.14032403734196,"leupeptin","0.25","5",1.038525269,"leupeptin_5_0.25"
"lomustine_0.3125_0.015625",-0.121532516807833,-0.284040998555741,-1.62815738187731,"lomustine","0.015625","0.3125",0.85591133,"lomustine_0.3125_0.015625"
"lomustine_0.625_0.03125",-0.201716120419189,-0.267457685322623,-2.01376333441905,"lomustine","0.03125","0.625",0.818965517,"lomustine_0.625_0.03125"
"lomustine_1.25_0.0625",-0.129136487649449,-0.240402508527355,-1.618580165219,"lomustine","0.0625","1.25",0.951970443,"lomustine_1.25_0.0625"
"lomustine_10_0.5",-0.326779548362154,-0.165953919976096,-1.85160445804143,"lomustine","0.5","10",0.81773399,"lomustine_10_0.5"
"lomustine_2.5_0.125",-0.216967596760786,-0.115784956629885,-1.72860775766669,"lomustine","0.125","2.5",0.894909688,"lomustine_2.5_0.125"
"lomustine_20_1",-0.378764634011861,-0.0758685903692891,-1.86396998797179,"lomustine","1","20",0.700328407,"lomustine_20_1"
"lomustine_5_0.25",-0.513173827259512,1.10196888834798,-1.84136567355685,"lomustine","0.25","5",1.022988506,"lomustine_5_0.25"
"LTX-315_0.3125_0.015625",1.41194429677361,-1.56331153896536,0.256499748647224,"LTX-315","0.015625","0.3125",1.041839271,"LTX-315_0.3125_0.015625"
"LTX-315_0.625_0.03125",0.71481663016791,-1.90411494931491,1.79430594904407,"LTX-315","0.03125","0.625",0.967274234,"LTX-315_0.625_0.03125"
"LTX-315_1.25_0.0625",1.48795068547404,-1.59885892734627,0.544624950050962,"LTX-315","0.0625","1.25",1.087406794,"LTX-315_1.25_0.0625"
"LTX-315_10_0.5",1.41632032861698,-1.56289291124674,-4.35650300553379,"LTX-315","0.5","10",0.149958575,"LTX-315_10_0.5"
"LTX-315_2.5_0.125",1.43289750715136,-1.5775550664672,0.506855788962877,"LTX-315","0.125","2.5",0.947804474,"LTX-315_2.5_0.125"
"LTX-315_20_1",1.53727687903987,-1.03246752285813,-5.86894865241617,"LTX-315","1","20",0.037282519,"LTX-315_20_1"
"LTX-315_5_0.25",1.52484652587025,-1.67194419298634,0.262738932263136,"LTX-315","0.25","5",0.656586578,"LTX-315_5_0.25"
"mdivi-1_0.3125_0.015625",1.08864636485895,-2.01843906167535,1.66561360385495,"mdivi-1","0.015625","0.3125",1.023198012,"mdivi-1_0.3125_0.015625"
"mdivi-1_0.625_0.03125",0.99261847988364,-1.70029244919872,1.69381548848022,"mdivi-1","0.03125","0.625",0.927091964,"mdivi-1_0.625_0.03125"
"mdivi-1_1.25_0.0625",0.84462916946968,-2.2365132379825,1.21765000442655,"mdivi-1","0.0625","1.25",1.042667771,"mdivi-1_1.25_0.0625"
"mdivi-1_10_0.5",0.852104999578211,-1.5609694511302,-2.92127703766559,"mdivi-1","0.5","10",0.642916321,"mdivi-1_10_0.5"
"mdivi-1_2.5_0.125",0.856382374925462,-2.18570360388421,1.98994897221547,"mdivi-1","0.125","2.5",1.011599006,"mdivi-1_2.5_0.125"
"mdivi-1_20_1",0.434873348245024,-2.34623049618294,1.62578711830802,"mdivi-1","1","20",1.04059652,"mdivi-1_20_1"
"mdivi-1_5_0.25",0.694602219688828,-2.44384872796534,1.74215595553149,"mdivi-1","0.25","5",1.004971002,"mdivi-1_5_0.25"
"mepacrine_0.3125_0.015625",1.58915541349908,-2.09699676185908,-0.0956424496456467,"mepacrine","0.015625","0.3125",1.017812759,"mepacrine_0.3125_0.015625"
"mepacrine_0.625_0.03125",1.79341262218028,-2.0469472085954,0.563145850476692,"mepacrine","0.03125","0.625",0.98094449,"mepacrine_0.625_0.03125"
"mepacrine_1.25_0.0625",1.6802352830704,-2.03996528856581,0.0684574533451645,"mepacrine","0.0625","1.25",0.97970174,"mepacrine_1.25_0.0625"
"mepacrine_10_0.5",0.686847727755384,-0.218384187501702,-0.55467275304394,"mepacrine","0.5","10",0.850455675,"mepacrine_10_0.5"
"mepacrine_2.5_0.125",1.88918059099859,-2.02181365600752,0.350776007162688,"mepacrine","0.125","2.5",0.92087821,"mepacrine_2.5_0.125"
"mepacrine_20_1",1.40143506048174,-1.78755850561091,-4.40459061185422,"mepacrine","1","20",0.616404308,"mepacrine_20_1"
"mepacrine_5_0.25",1.58267594508681,-1.97651352194699,-0.0286982611421305,"mepacrine","0.25","5",0.925020713,"mepacrine_5_0.25"
"methotrexate_0.078125_0.015625",-0.444043431763722,1.14704192711362,-1.82651279693421,"methotrexate","0.015625","0.078125",0.782430213,"methotrexate_0.078125_0.015625"
"methotrexate_0.15625_0.03125",-0.443548829635751,1.16382045815661,-1.81549078179946,"methotrexate","0.03125","0.15625",0.69909688,"methotrexate_0.15625_0.03125"
"methotrexate_0.3125_0.0625",-0.407258966228944,1.12210333680676,-1.79464883121545,"methotrexate","0.0625","0.3125",0.705254516,"methotrexate_0.3125_0.0625"
"methotrexate_0.625_0.125",-0.444798895901417,1.17696237680804,-1.83965528673097,"methotrexate","0.125","0.625",0.696223317,"methotrexate_0.625_0.125"
"methotrexate_1.25_0.25",-0.395899155271339,1.11532765485229,-1.81900708244478,"methotrexate","0.25","1.25",0.6908867,"methotrexate_1.25_0.25"
"methotrexate_2.5_0.5",-0.421254406063658,1.21884343423743,-1.80287486090106,"methotrexate","0.5","2.5",0.689244663,"methotrexate_2.5_0.5"
"methotrexate_5_1",-0.447512671414258,1.18585623522237,-1.90261893472317,"methotrexate","1","5",0.560755337,"methotrexate_5_1"
"MG-101_0.3125_0.015625",0.881521276585015,-1.82092631349394,0.702403352298331,"MG-101","0.015625","0.3125",0.985915493,"MG-101_0.3125_0.015625"
"MG-101_0.625_0.03125",1.94397015752635,-1.50550492899604,1.2848995103443,"MG-101","0.03125","0.625",0.974730737,"MG-101_0.625_0.03125"
"MG-101_1.25_0.0625",1.83217313891145,-1.95055758407558,0.648145675290502,"MG-101","0.0625","1.25",0.772576636,"MG-101_1.25_0.0625"
"MG-101_10_0.5",1.60808488681572,-1.23325976825336,-5.28977821994679,"MG-101","0.5","10",0.14043082,"MG-101_10_0.5"
"MG-101_2.5_0.125",1.16806566401153,-1.70084589496156,-4.38483118015257,"MG-101","0.125","2.5",0.429163215,"MG-101_2.5_0.125"
"MG-101_20_1",1.53961384389887,-1.08212943388014,-5.71572742865306,"MG-101","1","20",0.089892295,"MG-101_20_1"
"MG-101_5_0.25",1.59455407455452,-1.63081517971271,-4.66182828802829,"MG-101","0.25","5",0.197597349,"MG-101_5_0.25"
"mitomycin-c_0.3125_0.015625",0.987416077201558,-2.06449691030218,-2.75491530263536,"mitomycin-c","0.015625","0.3125",0.677299089,"mitomycin-c_0.3125_0.015625"
"mitomycin-c_0.625_0.03125",0.986431256711918,-2.26090088826425,-2.87260997048383,"mitomycin-c","0.03125","0.625",0.708367854,"mitomycin-c_0.625_0.03125"
"mitomycin-c_1.25_0.0625",0.981364442799741,-2.15108184550419,-2.78138493504921,"mitomycin-c","0.0625","1.25",0.682684341,"mitomycin-c_1.25_0.0625"
"mitomycin-c_10_0.5",0.553198603531046,-1.79504175349434,-4.19903629262808,"mitomycin-c","0.5","10",0.531483016,"mitomycin-c_10_0.5"
"mitomycin-c_2.5_0.125",1.01959881680049,-2.32356199409658,-2.93492814826959,"mitomycin-c","0.125","2.5",0.638773819,"mitomycin-c_2.5_0.125"
"mitomycin-c_20_1",1.3672440113879,-1.05026379663445,-5.23340710853249,"mitomycin-c","1","20",0.277961889,"mitomycin-c_20_1"
"mitomycin-c_5_0.25",1.01494030448141,-2.38817347675782,-2.93708315374962,"mitomycin-c","0.25","5",0.590306545,"mitomycin-c_5_0.25"
"mitoxantrone_0.078125_0.015625",-1.15139665120774,2.60034148397032,1.9413069409631,"mitoxantrone","0.015625","0.078125",0.955665025,"mitoxantrone_0.078125_0.015625"
"mitoxantrone_0.15625_0.03125",-0.305655085457248,1.60900661636878,0.295603400341246,"mitoxantrone","0.03125","0.15625",0.887110016,"mitoxantrone_0.15625_0.03125"
"mitoxantrone_0.3125_0.0625",0.388839700213596,-2.02768433010846,-5.18692440705174,"mitoxantrone","0.0625","0.3125",0.661740558,"mitoxantrone_0.3125_0.0625"
"mitoxantrone_0.625_0.125",0.426240465931095,-2.01472835337407,-5.28361231493548,"mitoxantrone","0.125","0.625",0.502873563,"mitoxantrone_0.625_0.125"
"mitoxantrone_1.25_0.25",0.504496922600301,-2.10766823823828,-5.38634432198043,"mitoxantrone","0.25","1.25",0.41091954,"mitoxantrone_1.25_0.25"
"mitoxantrone_2.5_0.5",0.552565364085788,-2.14960287899598,-5.47791237554317,"mitoxantrone","0.5","2.5",0.455254516,"mitoxantrone_2.5_0.5"
"mitoxantrone_5_1",0.527886664571846,-2.16624937402113,-5.47130019395819,"mitoxantrone","1","5",0.446633826,"mitoxantrone_5_1"
"MLN0128_0.078125_0.015625",0.487560019889158,-1.65995111822929,-4.02903581800175,"MLN0128","0.015625","0.078125",0.646141215,"MLN0128_0.078125_0.015625"
"MLN0128_0.15625_0.03125",0.497340720261212,-1.66530271819834,-4.11622100579233,"MLN0128","0.03125","0.15625",0.583743842,"MLN0128_0.15625_0.03125"
"MLN0128_0.3125_0.0625",0.487006327872675,-1.66988129217297,-4.12990500250586,"MLN0128","0.0625","0.3125",0.520525452,"MLN0128_0.3125_0.0625"
"MLN0128_0.625_0.125",0.505776654359156,-1.67861071098124,-4.19047915079018,"MLN0128","0.125","0.625",0.480706076,"MLN0128_0.625_0.125"
"MLN0128_1.25_0.25",0.471278063621192,-1.63585357759814,-4.17479195763051,"MLN0128","0.25","1.25",0.454022989,"MLN0128_1.25_0.25"
"MLN0128_2.5_0.5",0.514785018415437,-1.63812502852643,-4.47580665083745,"MLN0128","0.5","2.5",0.408045977,"MLN0128_2.5_0.5"
"MLN0128_5_1",1.43613558721039,-1.08728225153496,-5.27108241465091,"MLN0128","1","5",0.204433498,"MLN0128_5_1"
"monensin_0.3125_0.015625",0.995627587257652,-1.99614889259461,-2.8074396160547,"monensin","0.015625","0.3125",0.74589491,"monensin_0.3125_0.015625"
"monensin_0.625_0.03125",1.171123454875,-2.31837402318741,-3.10047476541289,"monensin","0.03125","0.625",0.60591133,"monensin_0.625_0.03125"
"monensin_1.25_0.0625",1.2626683289141,-2.38798041368888,-3.37094627022695,"monensin","0.0625","1.25",0.503694581,"monensin_1.25_0.0625"
"monensin_10_0.5",1.2481261654168,-2.34722664555823,-3.46507291108876,"monensin","0.5","10",0.33908046,"monensin_10_0.5"
"monensin_2.5_0.125",1.23938738055776,-2.34893717184021,-3.44803918556045,"monensin","0.125","2.5",0.421592775,"monensin_2.5_0.125"
"monensin_20_1",1.53445895789624,-1.79595455702474,-4.4297499211172,"monensin","1","20",0.331691297,"monensin_20_1"
"monensin_5_0.25",1.24184648168231,-2.33945931379934,-3.52930902002198,"monensin","0.25","5",0.375205255,"monensin_5_0.25"
"nocodazole_0.3125_0.015625",1.17025476538085,-2.20317897255172,0.117960822492223,"nocodazole","0.015625","0.3125",1.056752278,"nocodazole_0.3125_0.015625"
"nocodazole_0.625_0.03125",1.05556553735357,-1.58850969506724,0.669218994841727,"nocodazole","0.03125","0.625",0.962303231,"nocodazole_0.625_0.03125"
"nocodazole_1.25_0.0625",1.16745528332133,-1.47003029428886,0.643905693373455,"nocodazole","0.0625","1.25",1.034797017,"nocodazole_1.25_0.0625"
"nocodazole_10_0.5",1.53486336852398,-1.72536527295381,-4.46786164723562,"nocodazole","0.5","10",0.317315659,"nocodazole_10_0.5"
"nocodazole_2.5_0.125",0.966671042946313,-1.63305128409722,-2.21722635230348,"nocodazole","0.125","2.5",0.791632146,"nocodazole_2.5_0.125"
"nocodazole_20_1",1.69539326788654,-1.7178583771191,-4.58322667450921,"nocodazole","1","20",0.196354598,"nocodazole_20_1"
"nocodazole_5_0.25",0.920953440861581,-1.6598391884745,-2.72973396445286,"nocodazole","0.25","5",0.691797846,"nocodazole_5_0.25"
"NSC-697923_0.15625_0.015625",0.668127321744999,-2.27111485632598,0.948643674783698,"NSC-697923","0.015625","0.15625",1.023399015,"NSC-697923_0.15625_0.015625"
"NSC-697923_0.3125_0.03125",1.19007775995455,-2.44872108363797,0.328899534701631,"NSC-697923","0.03125","0.3125",0.973727422,"NSC-697923_0.3125_0.03125"
"NSC-697923_0.625_0.0625",0.587037678802919,-2.43993321247816,1.27984614360797,"NSC-697923","0.0625","0.625",1.039819376,"NSC-697923_0.625_0.0625"
"NSC-697923_1.25_0.125",-1.4431837077432,0.703627928686416,1.81410121901337,"NSC-697923","0.125","1.25",1.054187192,"NSC-697923_1.25_0.125"
"NSC-697923_10_1",-1.7854677102416,2.20866726565847,1.7906977736982,"NSC-697923","1","10",0.886288998,"NSC-697923_10_1"
"NSC-697923_2.5_0.25",-1.14582569691924,2.65507657458113,2.43471422709981,"NSC-697923","0.25","2.5",1.009031199,"NSC-697923_2.5_0.25"
"NSC-697923_5_0.5",-1.65421391924058,2.1286251250512,2.17860627620811,"NSC-697923","0.5","5",0.917487685,"NSC-697923_5_0.5"
"oligomycin-a_0.15625_0.015625",-1.13613525733128,-0.749237655010651,-5.35691922816974,"oligomycin-a","0.015625","0.15625",0.555418719,"oligomycin-a_0.15625_0.015625"
"oligomycin-a_0.3125_0.03125",1.81113218608168,-1.73617432603935,1.31711243632668,"oligomycin-a","0.03125","0.3125",0.986042693,"oligomycin-a_0.3125_0.03125"
"oligomycin-a_0.625_0.0625",1.5900325755166,-2.12087243458526,1.15563057977707,"oligomycin-a","0.0625","0.625",0.995484401,"oligomycin-a_0.625_0.0625"
"oligomycin-a_1.25_0.125",1.30562070123928,-2.1134381125476,0.930009138433997,"oligomycin-a","0.125","1.25",1.043924466,"oligomycin-a_1.25_0.125"
"oligomycin-a_10_1",0.967850287906059,-0.5241082444433,0.463787319896968,"oligomycin-a","1","10",0.924876847,"oligomycin-a_10_1"
"oligomycin-a_2.5_0.25",1.68899684327485,-2.0084192127387,0.832066254541747,"oligomycin-a","0.25","2.5",0.938013136,"oligomycin-a_2.5_0.25"
"oligomycin-a_5_0.5",1.61826806132215,-1.40170437924947,1.15053387323246,"oligomycin-a","0.5","5",0.990147783,"oligomycin-a_5_0.5"
"paclitaxel_0.3125_0.015625",2.03227894461552,-1.96076767999953,1.13294350950067,"paclitaxel","0.015625","0.3125",0.955675228,"paclitaxel_0.3125_0.015625"
"paclitaxel_0.625_0.03125",2.05733325351991,-1.98185272392263,1.05106996953553,"paclitaxel","0.03125","0.625",1.054681027,"paclitaxel_0.625_0.03125"
"paclitaxel_1.25_0.0625",2.04653334878843,-1.98136062898182,0.986274550889362,"paclitaxel","0.0625","1.25",0.969759735,"paclitaxel_1.25_0.0625"
"paclitaxel_10_0.5",1.48913048700329,-1.96740638026658,1.13794362585409,"paclitaxel","0.5","10",1.003728252,"paclitaxel_10_0.5"
"paclitaxel_2.5_0.125",1.93384768515019,-1.95552497577574,0.708281112760806,"paclitaxel","0.125","2.5",0.928334714,"paclitaxel_2.5_0.125"
"paclitaxel_20_1",1.78875099923615,-2.12965895495615,1.09749249666135,"paclitaxel","1","20",1.004971002,"paclitaxel_20_1"
"paclitaxel_5_0.25",1.80279280591613,-2.04274513442276,1.17487389180918,"paclitaxel","0.25","5",1.041839271,"paclitaxel_5_0.25"
"perifosine_0.3125_0.015625",0.908632277182342,-2.19849374737512,2.166699795729,"perifosine","0.015625","0.3125",0.988505747,"perifosine_0.3125_0.015625"
"perifosine_0.625_0.03125",0.811759291257893,-2.27482936486697,2.01746131959348,"perifosine","0.03125","0.625",1.070607553,"perifosine_0.625_0.03125"
"perifosine_1.25_0.0625",1.03398125564352,-2.15716985331296,2.10064300348126,"perifosine","0.0625","1.25",1.024220033,"perifosine_1.25_0.0625"
"perifosine_10_0.5",0.471320561499613,-1.09276519067656,-2.36303671344246,"perifosine","0.5","10",0.591954023,"perifosine_10_0.5"
"perifosine_2.5_0.125",0.713106160139465,-2.33576999607944,2.13851120957392,"perifosine","0.125","2.5",0.990147783,"perifosine_2.5_0.125"
"perifosine_20_1",0.549322469820796,-1.65705477970906,-4.06491229095721,"perifosine","1","20",0.285303777,"perifosine_20_1"
"perifosine_5_0.25",0.66636872079203,-2.36576492050305,2.17530949518758,"perifosine","0.25","5",0.979474548,"perifosine_5_0.25"
"picropodophyllin_0.15625_0.015625",0.77381508831083,-1.32712224637852,1.811294788026,"picropodophyllin","0.015625","0.15625",0.97044335,"picropodophyllin_0.15625_0.015625"
"picropodophyllin_0.3125_0.03125",0.93304073312593,-1.25066984824437,1.75459577069521,"picropodophyllin","0.03125","0.3125",0.879720854,"picropodophyllin_0.3125_0.03125"
"picropodophyllin_0.625_0.0625",0.539047277245329,-1.869585455807,2.06735822779017,"picropodophyllin","0.0625","0.625",0.899425287,"picropodophyllin_0.625_0.0625"
"picropodophyllin_1.25_0.125",0.840201480892954,-1.1921092817046,1.78915011323656,"picropodophyllin","0.125","1.25",0.977832512,"picropodophyllin_1.25_0.125"
"picropodophyllin_10_1",-0.78721823856085,2.0540719642611,0.212492012657215,"picropodophyllin","1","10",0.701149425,"picropodophyllin_10_1"
"picropodophyllin_2.5_0.25",0.350710952806708,-0.595140893240253,1.98769984157426,"picropodophyllin","0.25","2.5",0.94047619,"picropodophyllin_2.5_0.25"
"picropodophyllin_5_0.5",0.26386176641854,-0.285962439652225,2.00870484767404,"picropodophyllin","0.5","5",0.928571429,"picropodophyllin_5_0.5"
"pifithrin-mu_0.15625_0.015625",0.826603866417545,-1.65877884107338,2.24798805299094,"pifithrin-mu","0.015625","0.15625",1.0636289,"pifithrin-mu_0.15625_0.015625"
"pifithrin-mu_0.3125_0.03125",1.04418903350067,-1.20572507813404,1.62928231391481,"pifithrin-mu","0.03125","0.3125",1.068144499,"pifithrin-mu_0.3125_0.03125"
"pifithrin-mu_0.625_0.0625",1.13577100915311,-1.73837888631663,1.60519732469944,"pifithrin-mu","0.0625","0.625",1.106321839,"pifithrin-mu_0.625_0.0625"
"pifithrin-mu_1.25_0.125",0.837449070746858,-2.18940814096805,1.76357725452306,"pifithrin-mu","0.125","1.25",1.053776683,"pifithrin-mu_1.25_0.125"
"pifithrin-mu_10_1",-0.953362065298476,1.58133514766687,2.99920716643792,"pifithrin-mu","1","10",1.051313629,"pifithrin-mu_10_1"
"pifithrin-mu_2.5_0.25",0.453716154576011,-1.57322806568449,2.02748299335972,"pifithrin-mu","0.25","2.5",0.982758621,"pifithrin-mu_2.5_0.25"
"pifithrin-mu_5_0.5",-0.759217034375397,1.1344212769437,2.3141499855316,"pifithrin-mu","0.5","5",0.952791461,"pifithrin-mu_5_0.5"
"puromycin_0.078125_0.015625",0.693992180445268,-2.1088803625609,1.8818030078397,"puromycin","0.015625","0.078125",1.059934319,"puromycin_0.078125_0.015625"
"puromycin_0.15625_0.03125",0.868207541314119,-1.90934160479045,2.19319187417759,"puromycin","0.03125","0.15625",1.048850575,"puromycin_0.15625_0.03125"
"puromycin_0.3125_0.0625",0.800970665927227,-1.95376492917515,1.577668430256,"puromycin","0.0625","0.3125",1.027093596,"puromycin_0.3125_0.0625"
"puromycin_0.625_0.125",0.772348654571136,-2.01509939137852,2.12006064595123,"puromycin","0.125","0.625",1.061165846,"puromycin_0.625_0.125"
"puromycin_1.25_0.25",-0.600180111912802,2.33687140321981,2.07809071542668,"puromycin","0.25","1.25",0.995073892,"puromycin_1.25_0.25"
"puromycin_2.5_0.5",-0.607478195713059,2.46526290655626,2.04396857832017,"puromycin","0.5","2.5",1.027914614,"puromycin_2.5_0.5"
"puromycin_5_1",-0.692565828353202,2.16636781894166,0.965535724495042,"puromycin","1","5",0.956896552,"puromycin_5_1"
"rolipram_0.3125_0.015625",0.719455331316696,-2.39321418560391,1.34623153050797,"rolipram","0.015625","0.3125",1.037696769,"rolipram_0.3125_0.015625"
"rolipram_0.625_0.03125",0.680711337453939,-2.39229179574314,1.40286508928951,"rolipram","0.03125","0.625",1.071251036,"rolipram_0.625_0.03125"
"rolipram_1.25_0.0625",0.998708935438699,-2.24497972207899,1.72891279237288,"rolipram","0.0625","1.25",0.963545982,"rolipram_1.25_0.0625"
"rolipram_10_0.5",0.481314277607727,-2.39590409039074,1.50488209228991,"rolipram","0.5","10",1.003728252,"rolipram_10_0.5"
"rolipram_2.5_0.125",0.81039706903918,-2.35278010385681,2.10590050826881,"rolipram","0.125","2.5",0.96023198,"rolipram_2.5_0.125"
"rolipram_20_1",-0.870642774181587,2.73854867533108,2.44761641095717,"rolipram","1","20",0.958989229,"rolipram_20_1"
"rolipram_5_0.25",0.656422032609539,-2.05948803903602,2.31628600214469,"rolipram","0.25","5",0.915078708,"rolipram_5_0.25"
"selinexor_0.3125_0.015625",1.85018516158295,-1.68180043802945,1.45379566291023,"selinexor","0.015625","0.3125",1.010262726,"selinexor_0.3125_0.015625"
"selinexor_0.625_0.03125",1.20793699241452,-1.79612976334475,0.169830574846978,"selinexor","0.03125","0.625",0.993842365,"selinexor_0.625_0.03125"
"selinexor_1.25_0.0625",1.31941307021593,-1.63131251771502,0.0779998245613744,"selinexor","0.0625","1.25",1.031609195,"selinexor_1.25_0.0625"
"selinexor_10_0.5",0.679482531398087,-0.176293278433851,-0.185615354176396,"selinexor","0.5","10",0.778735632,"selinexor_10_0.5"
"selinexor_2.5_0.125",1.20210093695761,-1.26218715860046,0.270823575346439,"selinexor","0.125","2.5",0.970853859,"selinexor_2.5_0.125"
"selinexor_20_1",-1.10598822115869,-0.706886951616368,-5.17485603342458,"selinexor","1","20",0.502052545,"selinexor_20_1"
"selinexor_5_0.25",0.97673818747807,-0.855972253982999,0.267892462855038,"selinexor","0.25","5",0.899835796,"selinexor_5_0.25"
"sirolimus_0.3125_0.015625",1.06096039475287,-1.4669662675058,1.73018867354636,"sirolimus","0.015625","0.3125",1.076636288,"sirolimus_0.3125_0.015625"
"sirolimus_0.625_0.03125",0.841424402866356,-1.70992069851769,-2.62862717818373,"sirolimus","0.03125","0.625",0.8003314,"sirolimus_0.625_0.03125"
"sirolimus_1.25_0.0625",0.729765589103729,-2.02807362088894,1.89372690616404,"sirolimus","0.0625","1.25",0.966859983,"sirolimus_1.25_0.0625"
"sirolimus_10_0.5",0.884512074985526,-1.65167613269596,-3.25966070583823,"sirolimus","0.5","10",0.765948633,"sirolimus_10_0.5"
"sirolimus_2.5_0.125",1.04462194876089,-1.51695809442893,1.00204797464696,"sirolimus","0.125","2.5",1.045153273,"sirolimus_2.5_0.125"
"sirolimus_20_1",0.818716025730859,-1.67459515283034,-3.47690300654118,"sirolimus","1","20",0.755178128,"sirolimus_20_1"
"sirolimus_5_0.25",1.41245168908144,-1.15156393702251,0.0717015042617062,"sirolimus","0.25","5",0.946975973,"sirolimus_5_0.25"
"sirtinol_0.3125_0.015625",1.42460295894189,-1.2803757428716,-0.0337612273590975,"sirtinol","0.015625","0.3125",0.857553366,"sirtinol_0.3125_0.015625"
"sirtinol_0.625_0.03125",0.957758286967216,-1.56366268961508,-2.51387110760279,"sirtinol","0.03125","0.625",0.782430213,"sirtinol_0.625_0.03125"
"sirtinol_1.25_0.0625",0.933555768834278,-1.52746653327032,-3.00030190412248,"sirtinol","0.0625","1.25",0.659277504,"sirtinol_1.25_0.0625"
"sirtinol_10_0.5",1.7192938934309,-1.54590236788768,-4.68318965125367,"sirtinol","0.5","10",0.192118227,"sirtinol_10_0.5"
"sirtinol_2.5_0.125",1.18842886288826,-1.65579518019531,-4.27961433153043,"sirtinol","0.125","2.5",0.46182266,"sirtinol_2.5_0.125"
"sirtinol_20_1",1.67287720177256,-1.70320450186229,-4.58477665442259,"sirtinol","1","20",0.170361248,"sirtinol_20_1"
"sirtinol_5_0.25",1.57994091420367,-1.64736945899615,-4.61217120014122,"sirtinol","0.25","5",0.194581281,"sirtinol_5_0.25"
"tanespimycin_0.078125_0.015625",1.54885126414528,-1.86967777225935,1.87067552287035,"tanespimycin","0.015625","0.078125",1.001231527,"tanespimycin_0.078125_0.015625"
"tanespimycin_0.15625_0.03125",1.12381305721864,-1.93328376542101,2.24222488412223,"tanespimycin","0.03125","0.15625",0.975779967,"tanespimycin_0.15625_0.03125"
"tanespimycin_0.3125_0.0625",1.34370853473125,-2.01084290184663,2.05879470501871,"tanespimycin","0.0625","0.3125",0.929392447,"tanespimycin_0.3125_0.0625"
"tanespimycin_0.625_0.125",1.73809585201669,-1.67829844528363,1.67450598126794,"tanespimycin","0.125","0.625",0.900656814,"tanespimycin_0.625_0.125"
"tanespimycin_1.25_0.25",0.978821051706414,-0.58280333532258,-0.116417606809445,"tanespimycin","0.25","1.25",0.6863711,"tanespimycin_1.25_0.25"
"tanespimycin_2.5_0.5",1.28514250580978,-1.41719508433987,-4.74871673834928,"tanespimycin","0.5","2.5",0.306650246,"tanespimycin_2.5_0.5"
"tanespimycin_5_1",1.53115554718454,-0.959619200959467,-5.97241706642421,"tanespimycin","1","5",0.040640394,"tanespimycin_5_1"
"tetrandrine_0.3125_0.015625",0.614048717837759,-1.97052268497287,1.86745655198344,"tetrandrine","0.015625","0.3125",0.94909688,"tetrandrine_0.3125_0.015625"
"tetrandrine_0.625_0.03125",1.2439735493621,-2.34197326798129,1.77346825151168,"tetrandrine","0.03125","0.625",1.003284072,"tetrandrine_0.625_0.03125"
"tetrandrine_1.25_0.0625",0.838675655834341,-2.34183565285419,2.03395520714465,"tetrandrine","0.0625","1.25",1.014778325,"tetrandrine_1.25_0.0625"
"tetrandrine_10_0.5",1.42244361394216,-1.670999977309,-0.398357282446458,"tetrandrine","0.5","10",0.780788177,"tetrandrine_10_0.5"
"tetrandrine_2.5_0.125",0.681501230706611,-2.28268094754693,2.14676450725381,"tetrandrine","0.125","2.5",0.970032841,"tetrandrine_2.5_0.125"
"tetrandrine_20_1",0.512320740556828,-1.64152592100271,-3.89717829189779,"tetrandrine","1","20",0.63136289,"tetrandrine_20_1"
"tetrandrine_5_0.25",1.38199895432255,-1.42607897546975,-0.193203503150868,"tetrandrine","0.25","5",0.904761905,"tetrandrine_5_0.25"
"tolfenamic-acid_0.3125_0.015625",0.246540522464038,-1.12085189688996,0.390344999837433,"tolfenamic-acid","0.015625","0.3125",0.992129246,"tolfenamic-acid_0.3125_0.015625"
"tolfenamic-acid_0.625_0.03125",0.0398300386835777,-1.74897429409459,0.727649707088599,"tolfenamic-acid","0.03125","0.625",1.056752278,"tolfenamic-acid_0.625_0.03125"
"tolfenamic-acid_1.25_0.0625",0.0898366737745671,-1.82423429052514,0.473953954529622,"tolfenamic-acid","0.0625","1.25",1.028997514,"tolfenamic-acid_1.25_0.0625"
"tolfenamic-acid_10_0.5",-0.249883876456573,-1.66204094527955,0.616881152384663,"tolfenamic-acid","0.5","10",1.033140017,"tolfenamic-acid_10_0.5"
"tolfenamic-acid_2.5_0.125",-0.250323364210374,-1.5758330535806,0.447673067458372,"tolfenamic-acid","0.125","2.5",1.096106048,"tolfenamic-acid_2.5_0.125"
"tolfenamic-acid_20_1",0.181544621199405,-1.45725272003163,1.57793832103895,"tolfenamic-acid","1","20",0.962717481,"tolfenamic-acid_20_1"
"tolfenamic-acid_5_0.25",-0.138537224586069,-1.68232126669507,0.455739400589171,"tolfenamic-acid","0.25","5",1.03976802,"tolfenamic-acid_5_0.25"
"trichostatin-a_0.3125_0.015625",2.08553817887798,-1.7806179970856,1.13539924358313,"trichostatin-a","0.015625","0.3125",0.887738194,"trichostatin-a_0.3125_0.015625"
"trichostatin-a_0.625_0.03125",0.93202410943862,-1.93536417265533,-2.555962445945,"trichostatin-a","0.03125","0.625",0.736536868,"trichostatin-a_0.625_0.03125"
"trichostatin-a_1.25_0.0625",1.20636484594127,-2.48259373539519,-3.27322413948662,"trichostatin-a","0.0625","1.25",0.496685998,"trichostatin-a_1.25_0.0625"
"trichostatin-a_10_0.5",1.46398142720184,-1.67176775902507,-4.79815583640073,"trichostatin-a","0.5","10",0.258077879,"trichostatin-a_10_0.5"
"trichostatin-a_2.5_0.125",1.13485947396286,-2.57231503774603,-3.22486252552526,"trichostatin-a","0.125","2.5",0.466031483,"trichostatin-a_2.5_0.125"
"trichostatin-a_20_1",1.57497196388859,-1.15176251706088,-5.38663814723412,"trichostatin-a","1","20",0.142502071,"trichostatin-a_20_1"
"trichostatin-a_5_0.25",1.0425842608263,-2.05608105166665,-3.88324212181279,"trichostatin-a","0.25","5",0.426677713,"trichostatin-a_5_0.25"
"tunicamycin_0.078125_0.015625",1.33574068084041,-1.41356240711468,-0.186882810401483,"tunicamycin","0.015625","0.078125",0.97865353,"tunicamycin_0.078125_0.015625"
"tunicamycin_0.15625_0.03125",-1.20304021403979,-0.678498028237262,-5.31098355435893,"tunicamycin","0.03125","0.15625",0.653940887,"tunicamycin_0.15625_0.03125"
"tunicamycin_0.3125_0.0625",-1.24266144538305,-0.641483687150603,-5.33624885710815,"tunicamycin","0.0625","0.3125",0.662561576,"tunicamycin_0.3125_0.0625"
"tunicamycin_0.625_0.125",-1.19719900103557,-0.690398167347583,-5.32203802295451,"tunicamycin","0.125","0.625",0.582101806,"tunicamycin_0.625_0.125"
"tunicamycin_1.25_0.25",-1.28558082699243,-0.602557552925824,-5.42511249741282,"tunicamycin","0.25","1.25",0.609605911,"tunicamycin_1.25_0.25"
"tunicamycin_2.5_0.5",-1.13611780985908,-0.756040396765068,-5.38314419007298,"tunicamycin","0.5","2.5",0.534893268,"tunicamycin_2.5_0.5"
"tunicamycin_5_1",-1.12319250833653,-0.764623221457458,-5.33737660263551,"tunicamycin","1","5",0.535303777,"tunicamycin_5_1"
"vincristine_0.3125_0.015625",1.11257542584684,-2.53180899143513,-3.16472878490291,"vincristine","0.015625","0.3125",0.507870754,"vincristine_0.3125_0.015625"
"vincristine_0.625_0.03125",1.15293166976419,-2.5489466882379,-3.25378455279611,"vincristine","0.03125","0.625",0.505799503,"vincristine_0.625_0.03125"
"vincristine_1.25_0.0625",1.09669450950696,-2.53789067213849,-3.13801200266881,"vincristine","0.0625","1.25",0.521541011,"vincristine_1.25_0.0625"
"vincristine_10_0.5",1.02981083439542,-2.59384223478423,-3.11839076586445,"vincristine","0.5","10",0.485915493,"vincristine_10_0.5"
"vincristine_2.5_0.125",1.14069334473308,-2.60986741085038,-3.21426793601459,"vincristine","0.125","2.5",0.495857498,"vincristine_2.5_0.125"
"vincristine_20_1",1.09749511100693,-2.64295705605331,-3.26521890426751,"vincristine","1","20",0.455675228,"vincristine_20_1"
"vincristine_5_0.25",1.06527312562448,-2.67341881010869,-3.27780037160626,"vincristine","0.25","5",0.465202983,"vincristine_5_0.25"
"vorinostat_0.3125_0.015625",0.9405960884607,-1.91932875285582,2.15450305751132,"vorinostat","0.015625","0.3125",1.116995074,"vorinostat_0.3125_0.015625"
"vorinostat_0.625_0.03125",0.85780395918221,-1.80563901303636,2.23840227748494,"vorinostat","0.03125","0.625",1.098522167,"vorinostat_0.625_0.03125"
"vorinostat_1.25_0.0625",1.19823611290897,-1.80229348135687,1.86527661779493,"vorinostat","0.0625","1.25",0.993431856,"vorinostat_1.25_0.0625"
"vorinostat_10_0.5",1.86034280375229,-1.53060639827263,1.71916569998827,"vorinostat","0.5","10",0.898604269,"vorinostat_10_0.5"
"vorinostat_2.5_0.125",0.8610876404193,-1.92947499683434,2.33372500426429,"vorinostat","0.125","2.5",1.034482759,"vorinostat_2.5_0.125"
"vorinostat_20_1",1.31473774518777,-1.58486221732584,-4.34808943596685,"vorinostat","1","20",0.303776683,"vorinostat_20_1"
"vorinostat_5_0.25",1.3964829922068,-2.22010807518537,1.90942265758367,"vorinostat","0.25","5",1.016009852,"vorinostat_5_0.25"
