"","feature","plate","F_r","P_r","F_c","P_c","Channel","Channel_color","feature_type","P_r_log","P_c_log"
"1","CELL_COUNT","1B1",2.26963651170742,0.0482003742955715,0.978060525573529,0.521220931910424,"CELL_COUNT_B","panelB","non-int",-3.03238849248745,-0.651581273543204
"2","CELL_COUNT","1B2",4.32022843286309,0.00174642703178291,2.83567556298798,0.0116482067452615,"CELL_COUNT_B","panelB","non-int",-6.3501832742736,-4.45260303826383
"3","CELL_COUNT","1B3",1.38949636929028,0.246703236467824,1.32345186213113,0.267226297587092,"CELL_COUNT_B","panelB","non-int",-1.39956913649022,-1.31965942304912
"4","CELL_COUNT","2B1",0.958377394406443,0.518755304478058,0.959078779174959,0.538654057077665,"CELL_COUNT_B","panelB","non-int",-0.656322981989637,-0.618681737733672
"5","CELL_COUNT","2B2",0.509811722666142,0.892491985181487,0.957628112143055,0.539997929824522,"CELL_COUNT_B","panelB","non-int",-0.113737745557475,-0.616189973089457
"6","CELL_COUNT","2B3",1.44934715957601,0.221018193488839,1.75760759844343,0.106319936298335,"CELL_COUNT_B","panelB","non-int",-1.50951025737386,-2.24130246372767
"7","ObjectArea_NUC_B","1B1",0.772876442263886,0.678117942966527,0.333511128630302,0.992058403776053,"NUC_B","panelB","non-int",-0.388434048992769,-0.0079732986560683
"8","ObjectArea_NUC_B","1B2",1.37891927943602,0.25151898098532,1.32095606881851,0.268606532164954,"NUC_B","panelB","non-int",-1.38023682117555,-1.31450767588508
"9","ObjectArea_NUC_B","1B3",2.32143962028741,0.0438733113770398,1.3124901026908,0.273335471086869,"NUC_B","panelB","non-int",-3.12644908506975,-1.29705540637301
"10","ObjectArea_NUC_B","2B1",1.94304742519617,0.0880011804441317,0.996971317053371,0.504148417839014,"NUC_B","panelB","non-int",-2.43040505045604,-0.684884574422133
"11","ObjectArea_NUC_B","2B2",3.28380428552656,0.0084003936933257,1.89613635597806,0.0790477958543471,"NUC_B","panelB","non-int",-4.77947670597809,-2.53770259864585
"12","ObjectArea_NUC_B","2B3",0.835014540732772,0.623246710299319,0.643377120223257,0.838293524242154,"NUC_B","panelB","non-int",-0.472812834892731,-0.176386972237357
"13","ObjectShapeP2A_NUC_B","1B1",0.488120988299982,0.906384436336881,0.494800218051056,0.941258691737166,"NUC_B","panelB","non-int",-0.0982917402709238,-0.0605372656613556
"14","ObjectShapeP2A_NUC_B","1B2",3.20677170671037,0.00952187263412844,4.02061362250135,0.0014404662736574,"NUC_B","panelB","non-int",-4.65416374425721,-6.54278841665553
"15","ObjectShapeP2A_NUC_B","1B3",0.717069780372066,0.727483038756955,1.40134440089347,0.227223686369848,"NUC_B","panelB","non-int",-0.318164594631704,-1.48182034418073
"16","ObjectShapeP2A_NUC_B","2B1",1.36904125337451,0.256093785138103,0.975882066082843,0.523206994692134,"NUC_B","panelB","non-int",-1.36221155339597,-0.647778109868623
"17","ObjectShapeP2A_NUC_B","2B2",1.98498754449557,0.0813958065874581,1.72932244244168,0.112968090362104,"NUC_B","panelB","non-int",-2.50843152342524,-2.18064988632435
"18","ObjectShapeP2A_NUC_B","2B3",1.40100926001299,0.241557624499592,1.06454120031474,0.445843995855858,"NUC_B","panelB","non-int",-1.42064722358818,-0.807786173227695
"19","ObjectShapeLWR_NUC_B","1B1",0.801776285285322,0.652514201588985,1.30476090597302,0.277716723952422,"NUC_B","panelB","non-int",-0.426922375134807,-1.28115366339154
"20","ObjectShapeLWR_NUC_B","1B2",4.36974061206541,0.00162842555767173,4.29760943601739,0.000928650874832324,"NUC_B","panelB","non-int",-6.42014164649931,-6.98177769728396
"21","ObjectShapeLWR_NUC_B","1B3",0.697954375663527,0.744222610586886,0.892822173765419,0.601459925129557,"NUC_B","panelB","non-int",-0.295415081124693,-0.508395370675457
"22","ObjectShapeLWR_NUC_B","2B1",0.946638772939099,0.528313153275096,0.90662520036433,0.588162972930878,"NUC_B","panelB","non-int",-0.638066077762165,-0.530751204638159
"23","ObjectShapeLWR_NUC_B","2B2",1.31850915099117,0.280694614704667,1.47096948909975,0.196204635071678,"NUC_B","panelB","non-int",-1.27048798103287,-1.62859710791138
"24","ObjectShapeLWR_NUC_B","2B3",0.680054689070593,0.759753236227908,0.917892647753224,0.577382399264753,"NUC_B","panelB","non-int",-0.274761587598508,-0.549250494959938
"25","ObjectTotalInten_NUC_B","1B1",0.801632518507755,0.652641322908015,0.567800967154645,0.896823359853521,"NUC_B","panelB","int",-0.426727576404623,-0.10889635955549
"26","ObjectTotalInten_NUC_B","1B2",1.57248815956444,0.175887273098354,1.31128274894815,0.27401582318302,"NUC_B","panelB","int",-1.73791198290709,-1.29456942541833
"27","ObjectTotalInten_NUC_B","1B3",1.02894113152394,0.463450568814964,0.861277730778862,0.632147961671935,"NUC_B","panelB","int",-0.769055547311897,-0.458631795666769
"28","ObjectTotalInten_NUC_B","2B1",0.759678144015983,0.689824084549709,0.663470521090825,0.821014239850072,"NUC_B","panelB","int",-0.371318663824048,-0.197214825161157
"29","ObjectTotalInten_NUC_B","2B2",1.29649187774207,0.292057185561714,0.85461729797262,0.638668007288993,"NUC_B","panelB","int",-1.23080565492342,-0.448370510026144
"30","ObjectTotalInten_NUC_B","2B3",0.983507474844023,0.49862421140485,0.500852319625226,0.938083797198346,"NUC_B","panelB","int",-0.69590255029735,-0.063915997933786
"31","ObjectAvgInten_NUC_B","1B1",0.947773726531066,0.52738490666307,0.231035282558743,0.999229229624805,"NUC_B","panelB","int",-0.639824623858755,-0.000771067571403937
"32","ObjectAvgInten_NUC_B","1B2",1.71873742385507,0.133826665734267,1.90478617894465,0.0776027445949678,"NUC_B","panelB","int",-2.01120985567186,-2.55615248392656
"33","ObjectAvgInten_NUC_B","1B3",1.0837529516042,0.42326581964438,1.24134888923435,0.316017729793177,"NUC_B","panelB","int",-0.859754882071089,-1.15195696002873
"34","ObjectAvgInten_NUC_B","2B1",1.14259236429381,0.383011679291465,0.402666293347382,0.97785450436366,"NUC_B","panelB","int",-0.959689796032841,-0.0223943885587719
"35","ObjectAvgInten_NUC_B","2B2",1.97507837908191,0.0829090349356515,1.55582456008353,0.163806845879683,"NUC_B","panelB","int",-2.49001123682464,-1.80906731429926
"36","ObjectAvgInten_NUC_B","2B3",1.57541116733088,0.174931772019666,0.677785431642223,0.80834799036915,"NUC_B","panelB","int",-1.74335925525266,-0.21276263202761
"37","ObjectVarInten_NUC_B","1B1",0.815480079058186,0.640415113090552,0.27736455171355,0.997406063793574,"NUC_B","panelB","int",-0.445638698683711,-0.00259730628806053
"38","ObjectVarInten_NUC_B","1B2",1.19081807067453,0.352291772240074,1.5874655421773,0.153099946509787,"NUC_B","panelB","int",-1.04329554832131,-1.87666432569944
"39","ObjectVarInten_NUC_B","1B3",1.12279676852502,0.396215532286685,1.05836802987357,0.450984211657574,"NUC_B","panelB","int",-0.925796942339505,-0.796322947503376
"40","ObjectVarInten_NUC_B","2B1",1.57864972174027,0.17387900131107,0.407642280440288,0.976426305062347,"NUC_B","panelB","int",-1.74939561643066,-0.0238559999594274
"41","ObjectVarInten_NUC_B","2B2",1.93195540630704,0.0898383998251693,1.45685388426147,0.202153572481966,"NUC_B","panelB","int",-2.4097427800956,-1.59872761062032
"42","ObjectVarInten_NUC_B","2B3",1.77070800458315,0.121421851183791,1.05118742792525,0.457012110322653,"NUC_B","panelB","int",-2.10848442327689,-0.783045388827109
"43","ObjectSize_NUC_B","1B1",0.771360773692442,0.679462317111322,0.328486005508055,0.992726991134218,"NUC_B","panelB","non-int",-0.386453503718537,-0.00729958613765894
"44","ObjectSize_NUC_B","1B2",1.40528363471045,0.239672492404913,1.32464644804787,0.266567888489374,"NUC_B","panelB","non-int",-1.42848190255462,-1.32212632676892
"45","ObjectSize_NUC_B","1B3",2.30976217697473,0.0448117355934053,1.3272653244797,0.26512949807882,"NUC_B","panelB","non-int",-3.10528521865553,-1.32753690036164
"46","ObjectSize_NUC_B","2B1",1.91928896340462,0.0919844939286341,0.992981738108155,0.507724557710962,"NUC_B","panelB","non-int",-2.38613526039225,-0.677816187682625
"47","ObjectSize_NUC_B","2B2",3.26651469343303,0.00863909002876389,1.91872749493251,0.0753304832428812,"NUC_B","panelB","non-int",-4.75145802245771,-2.58587040215275
"48","ObjectSize_NUC_B","2B3",0.814014540176865,0.64170715517038,0.655525547782547,0.827919755262858,"NUC_B","panelB","non-int",-0.443623223952193,-0.188839043227082
"49","RingTotalInten_Lyso","1B1",0.631756059380684,0.800646019280712,0.859200870381509,0.634179864361476,"Lyso","panelB","int",-0.222336353085485,-0.455422667048468
"50","RingTotalInten_Lyso","1B2",1.15339943652469,0.375949129279154,2.24873586919058,0.0376256349294647,"Lyso","panelB","int",-0.978301439215699,-3.28006968085376
"51","RingTotalInten_Lyso","1B3",1.36020291608225,0.260251070815071,1.88833851335073,0.0803741476926468,"Lyso","panelB","int",-1.34610845693233,-2.52106270061561
"52","RingTotalInten_Lyso","2B1",1.07166050345226,0.431912168295379,1.15858646719184,0.372535936805566,"Lyso","panelB","int",-0.839533025540213,-0.987421771170088
"53","RingTotalInten_Lyso","2B2",1.01926889014075,0.470801295720095,1.19186344344705,0.348907873240768,"Lyso","panelB","int",-0.753319151433075,-1.05294736514901
"54","RingTotalInten_Lyso","2B3",1.78779008495239,0.117601737938706,1.03825766887311,0.467996708735419,"Lyso","panelB","int",-2.14045146523645,-0.759294015705846
"55","RingAvgInten_Lyso","1B1",1.00786702078613,0.479563231383702,0.546051750641031,0.911424989246833,"Lyso","panelB","int",-0.734879523939299,-0.0927459819997817
"56","RingAvgInten_Lyso","1B2",1.62340836127186,0.1599458239415,1.59943603578992,0.149229747823882,"Lyso","panelB","int",-1.83292012145198,-1.90226822888886
"57","RingAvgInten_Lyso","1B3",1.43162299826755,0.228353064985207,1.17671445671777,0.35951304901897,"Lyso","panelB","int",-1.47686231712806,-1.02300480479141
"58","RingAvgInten_Lyso","2B1",2.34152732979335,0.0423070742709969,0.844550044070063,0.64854129082675,"Lyso","panelB","int",-3.16280096646393,-0.433029605969993
"59","RingAvgInten_Lyso","2B2",0.918864244194257,0.55129317891661,0.791537635908415,0.700622401132539,"Lyso","panelB","int",-0.595488526188218,-0.355786194518469
"60","RingAvgInten_Lyso","2B3",3.7268598447012,0.00418346118157971,1.94087286699244,0.0718606473767596,"Lyso","panelB","int",-5.47661634120565,-2.63302648847623
"61","CircTotalInten_Lyso","1B1",0.670807614550596,0.767708515969179,0.526711972850914,0.923458143235436,"Lyso","panelB","int",-0.264345154375135,-0.0796298044247607
"62","CircTotalInten_Lyso","1B2",1.07225585006784,0.431483542247069,1.55937788050508,0.162569119290966,"Lyso","panelB","int",-0.840525909980775,-1.81665201816493
"63","CircTotalInten_Lyso","1B3",1.32540502240037,0.277217262420797,1.48161450138841,0.191828136130872,"Lyso","panelB","int",-1.28295373936005,-1.65115543213573
"64","CircTotalInten_Lyso","2B1",0.918134263331961,0.551903734669671,0.577256088966649,0.890138028866711,"Lyso","panelB","int",-0.594381641627758,-0.116378739666666
"65","CircTotalInten_Lyso","2B2",2.60407589865058,0.0264850552124608,1.44504924069519,0.207258408593926,"Lyso","panelB","int",-3.63117465931873,-1.57378891356334
"66","CircTotalInten_Lyso","2B3",1.70485926910576,0.137348223117224,0.930093664293696,0.565792208281741,"Lyso","panelB","int",-1.98523580342134,-0.569528391362302
"67","CircAvgInten_Lyso","1B1",0.901546838467558,0.565862586702998,1.6251153089253,0.141247850875383,"Lyso","panelB","int",-0.569404009931392,-1.95723912411288
"68","CircAvgInten_Lyso","1B2",2.19052918527622,0.0556922166240452,1.79207987544454,0.0987479410438735,"Lyso","panelB","int",-2.8879148792629,-2.3151847256069
"69","CircAvgInten_Lyso","1B3",1.32221247647651,0.278822361543569,0.89395682752139,0.600363417802777,"Lyso","panelB","int",-1.27718039691482,-0.510220110788019
"70","CircAvgInten_Lyso","2B1",0.995762318669838,0.488977689211799,0.875754292052891,0.618019864481765,"Lyso","panelB","int",-0.715438415881877,-0.481234678866651
"71","CircAvgInten_Lyso","2B2",1.21039355554149,0.340406076153528,1.34754705890024,0.254222006919393,"Lyso","panelB","int",-1.07761603240249,-1.36954735072701
"72","CircAvgInten_Lyso","2B3",3.23627492938439,0.00907434731771615,2.21697349627585,0.040188212946008,"Lyso","panelB","int",-4.70230382233048,-3.21418153665001
"73","RingSpotTotalInten_Lyso","1B1",0.707483709029111,0.735894766639925,0.722982898470585,0.766757393601084,"Lyso","panelB","int",-0.306668150584688,-0.265584833254894
"74","RingSpotTotalInten_Lyso","1B2",1.44957926850941,0.220923616976591,2.01126082924717,0.0618865070487482,"Lyso","panelB","int",-1.50993826174662,-2.782453102879
"75","RingSpotTotalInten_Lyso","1B3",1.25199242060872,0.316255515200362,0.868232524325966,0.625352426059932,"Lyso","panelB","int",-1.15120479972374,-0.469439906471389
"76","RingSpotTotalInten_Lyso","2B1",0.69505621132055,0.746747744763304,2.13853697725292,0.0473332305960445,"Lyso","panelB","int",-0.292027841959706,-3.05054268055744
"77","RingSpotTotalInten_Lyso","2B2",1.03194119401947,0.461186067846936,1.81497780694396,0.094022104339111,"Lyso","panelB","int",-0.773953699528045,-2.36422537181243
"78","RingSpotTotalInten_Lyso","2B3",1.44021020657979,0.224771443013003,0.539731213379465,0.915458262896461,"Lyso","panelB","int",-1.49267120189227,-0.0883305053153629
"79","RingSpotAvgInten_Lyso","1B1",0.626209976406096,0.805221161254958,1.02794986053631,0.4768716978035,"Lyso","panelB","int",-0.216638304817971,-0.740507801625844
"80","RingSpotAvgInten_Lyso","1B2",1.67657793676971,0.144812122827602,1.24944995800593,0.310886744747189,"Lyso","panelB","int",-1.93231808134985,-1.16832659792704
"81","RingSpotAvgInten_Lyso","1B3",2.18157330723926,0.0566140455580912,1.79560035369678,0.0980059931367049,"Lyso","panelB","int",-2.8714981698217,-2.32272664772525
"82","RingSpotAvgInten_Lyso","2B1",0.687368996106387,0.753426457979619,0.786916775233611,0.705146767542163,"Lyso","panelB","int",-0.283123866236736,-0.349349316925638
"83","RingSpotAvgInten_Lyso","2B2",1.35072684916764,0.264776127325134,0.929403094341713,0.566445742244239,"Lyso","panelB","int",-1.32887061258935,-0.568373980251505
"84","RingSpotAvgInten_Lyso","2B3",0.520859221995832,0.885085884608826,0.553578238065053,0.906497242417251,"Lyso","panelB","int",-0.12207059392701,-0.0981672908026124
"85","RingSpotTotalArea_Lyso","1B1",0.787628962086827,0.66503791512219,0.706908334358465,0.781794495599581,"Lyso","panelB","non-int",-0.407911224730251,-0.246163366323969
"86","RingSpotTotalArea_Lyso","1B2",1.20468575898262,0.343837037075682,1.8627198087105,0.0848942325437563,"Lyso","panelB","non-int",-1.06758746328513,-2.46634912031915
"87","RingSpotTotalArea_Lyso","1B3",1.20396720130562,0.344270981473888,0.915414108374842,0.579747735254239,"Lyso","panelB","non-int",-1.06632619486787,-0.545162209271997
"88","RingSpotTotalArea_Lyso","2B1",0.808991297736782,0.646139331381283,2.1760944723014,0.0437589845234788,"Lyso","panelB","non-int",-0.436740115203063,-3.12905832672544
"89","RingSpotTotalArea_Lyso","2B2",1.01898898519588,0.471015146271832,1.81384026052165,0.094251372928914,"Lyso","panelB","non-int",-0.752865027793101,-2.36178988587508
"90","RingSpotTotalArea_Lyso","2B3",1.43680087442897,0.226187115779571,0.509510141109728,0.933377300959255,"Lyso","panelB","non-int",-1.48639267634071,-0.0689457644258759
"91","RingSpotAvgArea_Lyso","1B1",0.786802655585015,0.665770135943606,0.814169199642389,0.678403764344148,"Lyso","panelB","non-int",-0.406810809242506,-0.388012645663489
"92","RingSpotAvgArea_Lyso","1B2",2.96331241041157,0.014264438898448,3.41368021374379,0.00401622434918503,"Lyso","panelB","non-int",-4.24998562923343,-5.51741303431214
"93","RingSpotAvgArea_Lyso","1B3",1.60323666006328,0.166084857484718,0.868348303851079,0.625239419090113,"Lyso","panelB","non-int",-1.79525643157155,-0.469620632054344
"94","RingSpotAvgArea_Lyso","2B1",0.529589406265771,0.879083300867656,1.53987506097119,0.169475738443203,"Lyso","panelB","non-int",-0.128875618019614,-1.77504549843487
"95","RingSpotAvgArea_Lyso","2B2",1.17269245235768,0.363597255523436,2.09531345411325,0.0518275649706745,"Lyso","panelB","non-int",-1.01170846477266,-2.95983312896318
"96","RingSpotAvgArea_Lyso","2B3",1.80530266649646,0.113810920203623,0.594731443214475,0.877270959141812,"Lyso","panelB","non-int",-2.17321680228369,-0.130939372935525
"97","RingSpotCount_Lyso","1B1",0.640376065510053,0.793479840335565,0.622155289288748,0.855831473779835,"Lyso","panelB","non-int",-0.23132714534274,-0.155681798648529
"98","RingSpotCount_Lyso","1B2",1.71741700971225,0.13415781060514,2.84835890385458,0.0113681965437488,"Lyso","panelB","non-int",-2.00873848088225,-4.47693559912596
"99","RingSpotCount_Lyso","1B3",1.20719614623298,0.342324533492235,0.7435760465021,0.747176886000804,"Lyso","panelB","non-int",-1.07199606352754,-0.291453326699075
"100","RingSpotCount_Lyso","2B1",0.684860882284054,0.755599155148921,2.05561006202859,0.0563484736155623,"Lyso","panelB","non-int",-0.280244261474887,-2.87620012643089
"101","RingSpotCount_Lyso","2B2",0.823173924445822,0.633640663372331,1.79007507821101,0.0991729943318485,"Lyso","panelB","non-int",-0.45627326223897,-2.31088953631184
"102","RingSpotCount_Lyso","2B3",1.5831552596443,0.172424591441402,0.494792186573464,0.941262841793285,"Lyso","panelB","non-int",-1.75779528915344,-0.0605328566216239
"103","CircSpotTotalInten_Lyso","1B1",0.851810348617475,0.608581495288922,0.749641267602379,0.741352942905522,"Lyso","panelB","int",-0.496624447356278,-0.29927846086857
"104","CircSpotTotalInten_Lyso","1B2",0.98251074159055,0.499413811032962,1.99456567310695,0.0641149068338558,"Lyso","panelB","int",-0.694320246266638,-2.74707838618206
"105","CircSpotTotalInten_Lyso","1B3",1.41201497108854,0.236731267632032,1.28974757973592,0.286402864459979,"Lyso","panelB","int",-1.4408296730367,-1.25035584233959
"106","CircSpotTotalInten_Lyso","2B1",0.834582374473311,0.623625330048075,2.27862446176935,0.0353709689033467,"Lyso","panelB","int",-0.472205523559824,-3.34186388277419
"107","CircSpotTotalInten_Lyso","2B2",0.976530137635705,0.504167172469756,1.30691078078922,0.27649193200067,"Lyso","panelB","int",-0.684847374499957,-1.28557363746655
"108","CircSpotTotalInten_Lyso","2B3",0.971268616308247,0.508370907663211,0.486859290436318,0.945279879376872,"Lyso","panelB","int",-0.676543964625926,-0.0562742266848975
"109","CircSpotAvgInten_Lyso","1B1",0.809826605628334,0.645401939346967,0.804241420724101,0.688159692131074,"Lyso","panelB","int",-0.437881994492796,-0.373734357326673
"110","CircSpotAvgInten_Lyso","1B2",1.02924430623876,0.463221392339594,2.73412904598911,0.0141758281191051,"Lyso","panelB","int",-0.769550169982377,-4.25621700997388
"111","CircSpotAvgInten_Lyso","1B3",0.958184924068527,0.518911244896373,0.77828292935662,0.713583660512252,"Lyso","panelB","int",-0.656022422200787,-0.337455595242705
"112","CircSpotAvgInten_Lyso","2B1",0.626864348468683,0.80468285132974,1.90134479787181,0.0781743940394482,"Lyso","panelB","int",-0.217307052694953,-2.54881312700248
"113","CircSpotAvgInten_Lyso","2B2",1.11363635253535,0.402442346349844,1.94417119387429,0.0713581002130325,"Lyso","panelB","int",-0.910203431265564,-2.64004441363999
"114","CircSpotAvgInten_Lyso","2B3",1.39272942276907,0.245248170673585,0.650557451732029,0.832189914141534,"Lyso","panelB","int",-1.40548463959166,-0.183694602019434
"115","CircSpotTotalArea_Lyso","1B1",0.831713615078963,0.626140132210046,0.710898070460722,0.778084959384905,"Lyso","panelB","non-int",-0.468181079562785,-0.250919558471659
"116","CircSpotTotalArea_Lyso","1B2",0.94667036716847,0.528287301397365,1.85708194730306,0.0859233544662147,"Lyso","panelB","non-int",-0.638115011827301,-2.45429960724469
"117","CircSpotTotalArea_Lyso","1B3",1.53350336832554,0.18912345245521,1.36639527969784,0.244448281718205,"Lyso","panelB","non-int",-1.66535528956296,-1.40875151915705
"118","CircSpotTotalArea_Lyso","2B1",0.789513524313349,0.663368189326798,2.20882998367736,0.0408743398938162,"Lyso","panelB","non-int",-0.410425104588424,-3.19725279928188
"119","CircSpotTotalArea_Lyso","2B2",0.922959814402712,0.547873698612211,1.34797043177052,0.253998659935134,"Lyso","panelB","non-int",-0.601710495583041,-1.37042628782345
"120","CircSpotTotalArea_Lyso","2B3",1.02192386420053,0.468776009185889,0.513644097215809,0.931062117302096,"Lyso","panelB","non-int",-0.757630216973593,-0.0714292828759378
"121","CircSpotAvgArea_Lyso","1B1",0.807718947938846,0.647262806416031,0.758919296781482,0.73240166217843,"Lyso","panelB","non-int",-0.435002874658193,-0.311426196688957
"122","CircSpotAvgArea_Lyso","1B2",1.01483684089486,0.474194828548833,2.45720859744506,0.0245594237556784,"Lyso","panelB","non-int",-0.746137011043295,-3.70665963869513
"123","CircSpotAvgArea_Lyso","1B3",1.11268162713951,0.403095562001358,0.954142258884369,0.543233622160853,"Lyso","panelB","non-int",-0.908581618591274,-0.610215808186197
"124","CircSpotAvgArea_Lyso","2B1",0.921051318008734,0.549465859684115,2.97773697150673,0.00889161482762416,"Lyso","panelB","non-int",-0.598808636851826,-4.72264660054981
"125","CircSpotAvgArea_Lyso","2B2",1.03377501252764,0.459805505702059,1.74857424661246,0.108399242802952,"Lyso","panelB","non-int",-0.776951692601086,-2.22193417521361
"126","CircSpotAvgArea_Lyso","2B3",1.39703145303409,0.243324218881037,0.460903527623884,0.957272390258166,"Lyso","panelB","non-int",-1.4133604908626,-0.0436672987095448
"127","CircSpotCount_Lyso","1B1",0.787536517284025,0.66511983062201,0.741623233876321,0.749046947357686,"Lyso","panelB","non-int",-0.407788058135633,-0.288953617378915
"128","CircSpotCount_Lyso","1B2",1.00852361029691,0.479055856797098,1.9926789160559,0.0643719141949603,"Lyso","panelB","non-int",-0.73593807710236,-2.74307785598272
"129","CircSpotCount_Lyso","1B3",1.31357788497032,0.283204986975736,1.21861957866605,0.330792823697221,"Lyso","panelB","non-int",-1.26158430794002,-1.10626300984899
"130","CircSpotCount_Lyso","2B1",0.986709039526494,0.496093037197751,2.53486908330507,0.021008846821196,"Lyso","panelB","non-int",-0.700991794851733,-3.86281165277123
"131","CircSpotCount_Lyso","2B2",0.904764306417697,0.563142522740976,1.49782553776937,0.185340759239826,"Lyso","panelB","non-int",-0.57422253413855,-1.68555920636157
"132","CircSpotCount_Lyso","2B3",1.16182046853897,0.37051736692962,0.494758083107596,0.941280461998852,"Lyso","panelB","non-int",-0.992854961040593,-0.0605141370463214
"133","TotalInten_Lyso","1B1",0.670807614550596,0.767708515969179,0.526711972850914,0.923458143235436,"Lyso","panelB","int",-0.264345154375135,-0.0796298044247607
"134","TotalInten_Lyso","1B2",1.07225585006784,0.431483542247069,1.55937788050508,0.162569119290966,"Lyso","panelB","int",-0.840525909980775,-1.81665201816493
"135","TotalInten_Lyso","1B3",1.32540502240037,0.277217262420797,1.48161450138841,0.191828136130872,"Lyso","panelB","int",-1.28295373936005,-1.65115543213573
"136","TotalInten_Lyso","2B1",0.918134263331961,0.551903734669671,0.577256088966649,0.890138028866711,"Lyso","panelB","int",-0.594381641627758,-0.116378739666666
"137","TotalInten_Lyso","2B2",2.60407589865058,0.0264850552124608,1.44504924069519,0.207258408593926,"Lyso","panelB","int",-3.63117465931873,-1.57378891356334
"138","TotalInten_Lyso","2B3",1.70485926910576,0.137348223117224,0.930093664293696,0.565792208281741,"Lyso","panelB","int",-1.98523580342134,-0.569528391362302
"139","AvgInten_Lyso","1B1",0.901546838467558,0.565862586702998,1.6251153089253,0.141247850875383,"Lyso","panelB","int",-0.569404009931392,-1.95723912411288
"140","AvgInten_Lyso","1B2",2.19052918527622,0.0556922166240452,1.79207987544454,0.0987479410438735,"Lyso","panelB","int",-2.8879148792629,-2.3151847256069
"141","AvgInten_Lyso","1B3",1.32221247647651,0.278822361543569,0.89395682752139,0.600363417802777,"Lyso","panelB","int",-1.27718039691482,-0.510220110788019
"142","AvgInten_Lyso","2B1",0.995762318669838,0.488977689211799,0.875754292052891,0.618019864481765,"Lyso","panelB","int",-0.715438415881877,-0.481234678866651
"143","AvgInten_Lyso","2B2",1.21039355554149,0.340406076153528,1.34754705890024,0.254222006919393,"Lyso","panelB","int",-1.07761603240249,-1.36954735072701
"144","AvgInten_Lyso","2B3",3.23627492938439,0.00907434731771615,2.21697349627585,0.040188212946008,"Lyso","panelB","int",-4.70230382233048,-3.21418153665001
"145","RingTotalInten_Perox","1B1",0.719421482930064,0.725414834858457,1.10045937660829,0.416723541908721,"Perox","panelB","int",-0.321011601751797,-0.875332246088325
"146","RingTotalInten_Perox","1B2",1.4153235950178,0.235297843817526,1.44546138020776,0.207078163677044,"Perox","panelB","int",-1.44690314683723,-1.57465895468602
"147","RingTotalInten_Perox","1B3",3.90208954810818,0.0032098502217664,1.847985186492,0.0876107697271434,"Perox","panelB","int",-5.74153100281468,-2.43485134650587
"148","RingTotalInten_Perox","2B1",0.651498206267086,0.784141066998642,0.831663002474512,0.661202231604138,"Perox","panelB","int",-0.243166342421394,-0.413695537959084
"149","RingTotalInten_Perox","2B2",1.12465629309299,0.394960521461137,0.820131649418711,0.67254106888682,"Perox","panelB","int",-0.928969464743924,-0.396692100394093
"150","RingTotalInten_Perox","2B3",0.816825910639087,0.639229048432237,0.796243764008103,0.696009245008671,"Perox","panelB","int",-0.447492440581066,-0.3623923356775
"151","RingAvgInten_Perox","1B1",0.38196412235054,0.960359378951536,0.618918193124262,0.858436875576713,"Perox","panelB","int",-0.0404477114983678,-0.152642130087973
"152","RingAvgInten_Perox","1B2",1.40997141756476,0.23762064437112,1.59902809343968,0.14936005168781,"Perox","panelB","int",-1.43707980818427,-1.9013954336868
"153","RingAvgInten_Perox","1B3",1.55121052445799,0.182996549710945,0.935336152021218,0.560840931128079,"Perox","panelB","int",-1.69828798035701,-0.57831795889223
"154","RingAvgInten_Perox","2B1",1.075874514581,0.428884785921743,1.54494196228713,0.167654585298779,"Perox","panelB","int",-0.846566960408947,-1.78584945601875
"155","RingAvgInten_Perox","2B2",1.03392472967168,0.459692915562303,2.10064021810771,0.0512504207111294,"Perox","panelB","int",-0.777196587290874,-2.97103145199967
"156","RingAvgInten_Perox","2B3",1.87654821692076,0.0996204896510721,1.21456381215503,0.333488349997428,"Perox","panelB","int",-2.30638741616064,-1.09814734677806
"157","CircTotalInten_Perox","1B1",1.22625334261499,0.33102186143894,0.796641758274239,0.69561889477566,"Perox","panelB","int",-1.10557085914274,-0.362953333593668
"158","CircTotalInten_Perox","1B2",1.62417197635129,0.159717842758673,1.25272821130765,0.30883044075322,"Perox","panelB","int",-1.83434650327282,-1.17496288812125
"159","CircTotalInten_Perox","1B3",1.85629771370074,0.10346090886932,1.01772962881181,0.485772117312923,"Perox","panelB","int",-2.2685614297042,-0.722015659464862
"160","CircTotalInten_Perox","2B1",0.884995388891934,0.579944633632938,0.579690043062543,0.888385110910589,"Perox","panelB","int",-0.544822639251751,-0.118349946545587
"161","CircTotalInten_Perox","2B2",3.4057096729917,0.0069066010781763,1.92068257135058,0.0750173369311255,"Perox","panelB","int",-4.9752776467071,-2.5900360330773
"162","CircTotalInten_Perox","2B3",1.2864669919995,0.297363431157746,1.12149888236034,0.400304463359799,"Perox","panelB","int",-1.21280021432637,-0.915529863008801
"163","CircAvgInten_Perox","1B1",1.09917329641026,0.41242336760561,1.17385269155519,0.36154483345528,"Perox","panelB","int",-0.885704865967358,-1.01736922445006
"164","CircAvgInten_Perox","1B2",1.76317980282054,0.123144762023029,1.11978942611006,0.401620629743876,"Perox","panelB","int",-2.09439468862889,-0.912247343039801
"165","CircAvgInten_Perox","1B3",1.76404798233259,0.122944824305577,1.22268648100557,0.328107915251068,"Perox","panelB","int",-2.09601960713461,-1.11441271479809
"166","CircAvgInten_Perox","2B1",0.563513506384779,0.854591112860536,1.25321648159366,0.308525156228501,"Perox","panelB","int",-0.15713215500656,-1.17595189527076
"167","CircAvgInten_Perox","2B2",1.88633481965033,0.0978168054306617,3.75664430584041,0.00222514004860513,"Perox","panelB","int",-2.32465888203391,-6.10793542215146
"168","CircAvgInten_Perox","2B3",1.32787715504073,0.275980022195533,1.36585972771722,0.244721238115667,"Perox","panelB","int",-1.28742679923431,-1.40763551983688
"169","RingSpotTotalInten_Perox","1B1",0.70797089167771,0.735468047326699,0.840914509587368,0.652111043410964,"Perox","panelB","int",-0.307248183355857,-0.427540419576916
"170","RingSpotTotalInten_Perox","1B2",1.10248322364511,0.410123036607285,1.3157973448386,0.271479431485303,"Perox","panelB","int",-0.891298075015507,-1.30386890127982
"171","RingSpotTotalInten_Perox","1B3",2.50431904037688,0.0315955440699282,1.62977939486376,0.139843823534919,"Perox","panelB","int",-3.45473917877749,-1.96722902523676
"172","RingSpotTotalInten_Perox","2B1",0.872994009526234,0.590243256299318,1.50704396326898,0.181745453289012,"Perox","panelB","int",-0.527220528241768,-1.70514817917296
"173","RingSpotTotalInten_Perox","2B2",0.788459226764966,0.664302254130705,1.49696505806475,0.185679797268058,"Perox","panelB","int",-0.409018031074632,-1.68373160885165
"174","RingSpotTotalInten_Perox","2B3",1.41670121988855,0.234703376029583,0.64479668020181,0.837093347919978,"Perox","panelB","int",-1.44943279178216,-0.177819687925196
"175","RingSpotAvgInten_Perox","1B1",0.796306137176589,0.657353334810084,0.986987423989257,0.513123710309826,"Perox","panelB","int",-0.419533604740528,-0.667238312182108
"176","RingSpotAvgInten_Perox","1B2",1.22871764596824,0.329583355135239,1.96725730732519,0.0679404776426876,"Perox","panelB","int",-1.10992598241848,-2.68912328591398
"177","RingSpotAvgInten_Perox","1B3",1.64912510362814,0.152440977744838,0.727932814195852,0.762080771661843,"Perox","panelB","int",-1.88097778903196,-0.271702729356823
"178","RingSpotAvgInten_Perox","2B1",1.05947428919809,0.440752254511788,1.22219052884058,0.328434370475128,"Perox","panelB","int",-0.819272342545854,-1.11341824648109
"179","RingSpotAvgInten_Perox","2B2",1.81962412047972,0.110802669091729,2.63201669440795,0.0173193155148476,"Perox","panelB","int",-2.20000441568356,-4.05593289655675
"180","RingSpotAvgInten_Perox","2B3",1.2572397601487,0.313314949435796,0.446381032616023,0.963213865740836,"Perox","panelB","int",-1.16054636612088,-0.0374798090361404
"181","RingSpotTotalArea_Perox","1B1",0.775091544071547,0.676153270038013,0.835901525070318,0.657036110565024,"Perox","panelB","non-int",-0.39133549781326,-0.420016299199671
"182","RingSpotTotalArea_Perox","1B2",2.0052446626866,0.0783901526292837,1.45299322912636,0.203809953764449,"Perox","panelB","non-int",-2.54605696373297,-1.59056731854002
"183","RingSpotTotalArea_Perox","1B3",2.246536126007,0.0502722454798583,1.44171216430012,0.208723262012632,"Perox","panelB","non-int",-2.99030213388738,-1.56674600962194
"184","RingSpotTotalArea_Perox","2B1",0.629492689343,0.802516609225836,0.805012486572201,0.687402368308973,"Perox","panelB","non-int",-0.220002727337519,-0.374835469258151
"185","RingSpotTotalArea_Perox","2B2",0.533085266263796,0.876643662688962,0.544522813290752,0.91240948323334,"Perox","panelB","non-int",-0.131654683101469,-0.0916663949023979
"186","RingSpotTotalArea_Perox","2B3",0.714316880009626,0.729901878583463,0.819698924129664,0.672966594836603,"Perox","panelB","non-int",-0.31484516677329,-0.39605958677051
"187","RingSpotAvgArea_Perox","1B1",0.772184184561881,0.678731960107405,1.49066036202229,0.188181989659976,"Perox","panelB","non-int",-0.387528986197833,-1.67034575428492
"188","RingSpotAvgArea_Perox","1B2",1.64640409851137,0.153218370558986,0.966941583756684,0.531398159479509,"Perox","panelB","non-int",-1.87589111659963,-0.632243709193642
"189","RingSpotAvgArea_Perox","1B3",0.874478795764453,0.588965365450816,0.736967601521964,0.753494741165619,"Perox","panelB","non-int",-0.529387899350108,-0.283033240149471
"190","RingSpotAvgArea_Perox","2B1",0.74625234727757,0.701722338911541,0.906029928129464,0.588734446818037,"Perox","panelB","non-int",-0.354217481814439,-0.529780051294658
"191","RingSpotAvgArea_Perox","2B2",2.01540002172856,0.0769266215956145,1.33393938535682,0.261494975988653,"Perox","panelB","non-int",-2.56490327778023,-1.3413402079422
"192","RingSpotAvgArea_Perox","2B3",0.844574123535169,0.614887467737322,1.19021946925155,0.350046533239041,"Perox","panelB","non-int",-0.486316007207279,-1.04968918122448
"193","RingSpotCount_Perox","1B1",0.874136620482841,0.589259768954915,1.04960212148346,0.458349945974812,"Perox","panelB","non-int",-0.528888158678093,-0.780122312443211
"194","RingSpotCount_Perox","1B2",1.29064640814757,0.295141070523647,1.14327773518171,0.383815251460101,"Perox","panelB","non-int",-1.22030183178106,-0.957593958157163
"195","RingSpotCount_Perox","1B3",3.15096811284059,0.0104347452746948,1.85712873609931,0.0859147615592244,"Perox","panelB","non-int",-4.56261414941744,-2.45439961889748
"196","RingSpotCount_Perox","2B1",0.873422003380621,0.589874794551189,0.720371680063271,0.769216103008184,"Perox","panelB","non-int",-0.527844977227761,-0.262383330738612
"197","RingSpotCount_Perox","2B2",0.386540570437397,0.958546458653526,0.651260100133505,0.831588275266926,"Perox","panelB","non-int",-0.0423372475056889,-0.184417822103292
"198","RingSpotCount_Perox","2B3",1.12994273494662,0.39140927641886,1.08819520503929,0.426513699158885,"Perox","panelB","non-int",-0.938001523690746,-0.852110792615746
"199","CircSpotTotalInten_Perox","1B1",1.41651156173125,0.234785133990373,1.96394723671512,0.0684199378315547,"Perox","panelB","int",-1.44908450653184,-2.68209100806281
"200","CircSpotTotalInten_Perox","1B2",0.755179451877293,0.693812691541232,0.509165694744556,0.933568230271441,"Perox","panelB","int",-0.365553251818711,-0.0687412278610351
"201","CircSpotTotalInten_Perox","1B3",1.72236129579523,0.132922020895277,1.45608012608805,0.202484529747778,"Perox","panelB","int",-2.01799263176482,-1.59709179166116
"202","CircSpotTotalInten_Perox","2B1",0.374870046883241,0.963075668027293,0.814880224378037,0.677704720936297,"Perox","panelB","int",-0.0376232949569825,-0.389043600749095
"203","CircSpotTotalInten_Perox","2B2",1.05084742720626,0.447086484278954,1.85062089328005,0.0871184073649193,"Perox","panelB","int",-0.805003225948729,-2.4404870814598
"204","CircSpotTotalInten_Perox","2B3",0.976886618945883,0.503883096817937,0.8699015448825,0.623723780583028,"Perox","panelB","int",-0.685410988573567,-0.47204766793734
"205","CircSpotAvgInten_Perox","1B1",0.807560710188841,0.647402551656672,1.04124481580762,0.465444202910186,"Perox","panelB","int",-0.434786996106546,-0.764763054303977
"206","CircSpotAvgInten_Perox","1B2",1.26930518846831,0.306642483298032,1.63268265451715,0.138976807806571,"Perox","panelB","int",-1.18207275952745,-1.97344821008495
"207","CircSpotAvgInten_Perox","1B3",1.78316191436323,0.118624646505352,0.723230272310798,0.766524163790346,"Perox","panelB","int",-2.13179100199029,-0.265889056326531
"208","CircSpotAvgInten_Perox","2B1",1.00191489142228,0.484178195565404,1.08946168488202,0.425495292891985,"Perox","panelB","int",-0.725302267368634,-0.854501393563425
"209","CircSpotAvgInten_Perox","2B2",2.02313679915692,0.0758305767796835,2.61069450071219,0.0180653481453178,"Perox","panelB","int",-2.57925368007795,-4.01375964275435
"210","CircSpotAvgInten_Perox","2B3",1.25051395554459,0.317088283609073,0.350528850865552,0.989462623847377,"Perox","panelB","int",-1.1485750466885,-0.0105932874195988
"211","CircSpotTotalArea_Perox","1B1",1.43945160671385,0.225085722513314,1.3065451680998,0.276699888006347,"Perox","panelB","non-int",-1.49127396038752,-1.28482179693691
"212","CircSpotTotalArea_Perox","1B2",1.41778260640185,0.234237714964181,1.02299059831282,0.481178142407644,"Perox","panelB","non-int",-1.45141880336187,-0.731517719006283
"213","CircSpotTotalArea_Perox","1B3",2.49285505886933,0.0322466617310976,1.69965705463576,0.120389083308873,"Perox","panelB","non-int",-3.43434075331214,-2.11702642041029
"214","CircSpotTotalArea_Perox","2B1",0.41553596875452,0.945957766826452,0.467090935042617,0.954573811438396,"Perox","panelB","non-int",-0.0555573548734973,-0.046490308854967
"215","CircSpotTotalArea_Perox","2B2",1.39131048299531,0.24588580548831,1.26345270951688,0.302183763635944,"Perox","panelB","non-int",-1.4028880561585,-1.19671995780081
"216","CircSpotTotalArea_Perox","2B3",0.909601894616754,0.559063928346845,0.597373731882352,0.875269772378908,"Perox","panelB","non-int",-0.581491450385825,-0.133223128852501
"217","CircSpotAvgArea_Perox","1B1",0.800511531645086,0.653632638781187,1.30436896630855,0.277940525356479,"Perox","panelB","non-int",-0.42520979974743,-1.28034812574603
"218","CircSpotAvgArea_Perox","1B2",1.8316717672537,0.108334363220969,1.20403030470602,0.34057310584894,"Perox","panelB","non-int",-2.2225328787106,-1.07712547497232
"219","CircSpotAvgArea_Perox","1B3",1.12533329151075,0.39450436423366,1.26823639944214,0.299258511436974,"Perox","panelB","non-int",-0.930125076061177,-1.20644749238555
"220","CircSpotAvgArea_Perox","2B1",0.440839041745208,0.933436450513065,0.320632668121626,0.993688298828891,"Perox","panelB","non-int",-0.0688823948971452,-0.00633170417000019
"221","CircSpotAvgArea_Perox","2B2",2.11202360030088,0.0643372445583426,1.56441473651822,0.160830157316424,"Perox","panelB","non-int",-2.74361658434971,-1.82740639432158
"222","CircSpotAvgArea_Perox","2B3",0.63917353507441,0.794483447490154,0.583453959222367,0.885649045333667,"Perox","panelB","non-int",-0.23006312709256,-0.121434518211435
"223","CircSpotCount_Perox","1B1",1.07230441432008,0.431448591300941,1.00799577495022,0.494340071137951,"Perox","panelB","non-int",-0.840606915067475,-0.704531595521689
"224","CircSpotCount_Perox","1B2",1.61034540189399,0.163895548550549,0.921908893068765,0.57355722270071,"Perox","panelB","non-int",-1.80852595314633,-0.555897569359328
"225","CircSpotCount_Perox","1B3",2.30095635475001,0.0455333363705179,1.54819230842598,0.166496305979158,"Perox","panelB","non-int",-3.08931055381112,-1.79278215611912
"226","CircSpotCount_Perox","2B1",1.06113009103769,0.439543688276453,1.02504875411032,0.479388061407079,"Perox","panelB","non-int",-0.822018162300156,-0.735244860489525
"227","CircSpotCount_Perox","2B2",0.752306513564403,0.696359076322224,1.06915802767436,0.442025299422332,"Perox","panelB","non-int",-0.361889837429653,-0.816388160030436
"228","CircSpotCount_Perox","2B3",0.603048311040272,0.823995914078965,0.655378721865088,0.828046492801153,"Perox","panelB","non-int",-0.193589707726993,-0.188685975447241
"229","TotalInten_Perox","1B1",1.22625334261499,0.33102186143894,0.796641758274239,0.69561889477566,"Perox","panelB","int",-1.10557085914274,-0.362953333593668
"230","TotalInten_Perox","1B2",1.62417197635129,0.159717842758673,1.25272821130765,0.30883044075322,"Perox","panelB","int",-1.83434650327282,-1.17496288812125
"231","TotalInten_Perox","1B3",1.85629771370074,0.10346090886932,1.01772962881181,0.485772117312923,"Perox","panelB","int",-2.2685614297042,-0.722015659464862
"232","TotalInten_Perox","2B1",0.884995388891934,0.579944633632938,0.579690043062543,0.888385110910589,"Perox","panelB","int",-0.544822639251751,-0.118349946545587
"233","TotalInten_Perox","2B2",3.4057096729917,0.0069066010781763,1.92068257135058,0.0750173369311255,"Perox","panelB","int",-4.9752776467071,-2.5900360330773
"234","TotalInten_Perox","2B3",1.2864669919995,0.297363431157746,1.12149888236034,0.400304463359799,"Perox","panelB","int",-1.21280021432637,-0.915529863008801
"235","AvgInten_Perox","1B1",1.09917329641026,0.41242336760561,1.17385269155519,0.36154483345528,"Perox","panelB","int",-0.885704865967358,-1.01736922445006
"236","AvgInten_Perox","1B2",1.76317980282054,0.123144762023029,1.11978942611006,0.401620629743876,"Perox","panelB","int",-2.09439468862889,-0.912247343039801
"237","AvgInten_Perox","1B3",1.76404798233259,0.122944824305577,1.22268648100557,0.328107915251068,"Perox","panelB","int",-2.09601960713461,-1.11441271479809
"238","AvgInten_Perox","2B1",0.563513506384779,0.854591112860536,1.25321648159366,0.308525156228501,"Perox","panelB","int",-0.15713215500656,-1.17595189527076
"239","AvgInten_Perox","2B2",1.88633481965033,0.0978168054306617,3.75664430584041,0.00222514004860513,"Perox","panelB","int",-2.32465888203391,-6.10793542215146
"240","AvgInten_Perox","2B3",1.32787715504073,0.275980022195533,1.36585972771722,0.244721238115667,"Perox","panelB","int",-1.28742679923431,-1.40763551983688
"241","RingTotalInten_Lipids","1B1",4.33734699650631,0.00170460772913555,0.901792252853224,0.592808005082567,"Lipids","panelB","int",-6.37442026560526,-0.522884701240951
"242","RingTotalInten_Lipids","1B2",5.75401293585632,0.000270588945576465,2.63988805999049,0.0170522836424214,"Lipids","panelB","int",-8.21490969459025,-4.07147114624957
"243","RingTotalInten_Lipids","1B3",3.82758870885747,0.00358990504028306,1.87437000495614,0.0828073314283676,"Lipids","panelB","int",-5.62962952800642,-2.49123867768983
"244","RingTotalInten_Lipids","2B1",1.40317993730605,0.240598587176381,1.50213589425321,0.183651296957092,"Lipids","panelB","int",-1.42462534754367,-1.69471644462818
"245","RingTotalInten_Lipids","2B2",2.46987520813452,0.0335950391681734,1.19146592804528,0.349182930447676,"Lipids","panelB","int",-3.39337686671776,-1.05215933809095
"246","RingTotalInten_Lipids","2B3",1.58512901940406,0.171791181080789,0.892641956912441,0.601634137166283,"Lipids","panelB","int",-1.76147560322458,-0.508105763996473
"247","RingAvgInten_Lipids","1B1",2.85219259428605,0.0172248240472079,1.37362155113119,0.240792149290505,"Lipids","panelB","int",-4.06140367710075,-1.42382116869313
"248","RingAvgInten_Lipids","1B2",4.59581461432502,0.00118961293410697,2.1797139654078,0.0434297918331381,"Lipids","panelB","int",-6.73412729022531,-3.13660962560512
"249","RingAvgInten_Lipids","1B3",2.42923968747285,0.0361275741540298,2.14841573057323,0.0463644350883236,"Lipids","panelB","int",-3.32069887822923,-3.07122259881531
"250","RingAvgInten_Lipids","2B1",1.1532419258223,0.376051323891001,2.83850946094336,0.0115850064398122,"Lipids","panelB","int",-0.978029645197372,-4.45804356522293
"251","RingAvgInten_Lipids","2B2",2.55157992027359,0.0290549118721954,2.60349197780572,0.0183250466485715,"Lipids","panelB","int",-3.53856772659698,-3.99948648558802
"252","RingAvgInten_Lipids","2B3",1.36530554902106,0.257843537568713,0.926083510668547,0.569591502627126,"Lipids","panelB","int",-1.3554023215539,-0.562835837136227
"253","CircTotalInten_Lipids","1B1",3.2033375505541,0.00957549061589351,0.719360987056173,0.77016617050087,"Lipids","panelB","int",-4.64854850597031,-0.261148981571854
"254","CircTotalInten_Lipids","1B2",5.6808288660899,0.000295412308579669,1.52283164635636,0.175742439077356,"Lipids","panelB","int",-8.12713852123449,-1.73873577011377
"255","CircTotalInten_Lipids","1B3",3.10818969518685,0.0111982968497903,1.36153495806396,0.246935588144499,"Lipids","panelB","int",-4.49199357922745,-1.39862775310525
"256","CircTotalInten_Lipids","2B1",2.1779708660751,0.0569893250183771,1.64881685170281,0.134254317751203,"Lipids","panelB","int",-2.8648913090661,-2.00801938409022
"257","CircTotalInten_Lipids","2B2",4.80747260420823,0.000893610066998999,2.22283706642438,0.039701680514516,"Lipids","panelB","int",-7.0202410446069,-3.22636176184444
"258","CircTotalInten_Lipids","2B3",0.765901419454705,0.684304763121565,0.629435355689504,0.849902950704121,"Lipids","panelB","int",-0.379351900472775,-0.162633111658521
"259","CircAvgInten_Lipids","1B1",4.49934332817162,0.00135870597811089,0.924998430200758,0.57062125790516,"Lipids","panelB","int",-6.60122251886814,-0.561029585542407
"260","CircAvgInten_Lipids","1B2",4.88753243090358,0.000803485818658971,2.29545413209991,0.0341644797166317,"Lipids","panelB","int",-7.12655102240236,-3.37656877941411
"261","CircAvgInten_Lipids","1B3",2.07339662270552,0.0690924459618849,1.99556854059177,0.0639787320777963,"Lipids","panelB","int",-2.67230987456235,-2.74920456213453
"262","CircAvgInten_Lipids","2B1",2.04241661605361,0.0731688645276553,2.00241061495293,0.0630576290463727,"Lipids","panelB","int",-2.61498529648383,-2.76370622394864
"263","CircAvgInten_Lipids","2B2",3.29274206418998,0.00827979925920728,3.58494683678212,0.0029794706600871,"Lipids","panelB","int",-4.79393655493595,-5.81600962508631
"264","CircAvgInten_Lipids","2B3",2.86998824867931,0.016709512844126,0.950159698227056,0.546941369206278,"Lipids","panelB","int",-4.09177709035301,-0.603413668399551
"265","RingSpotTotalInten_Lipids","1B1",1.42281103791915,0.232083628797125,1.03911116268374,0.467266504251481,"Lipids","panelB","int",-1.46065750331602,-0.760855511169728
"266","RingSpotTotalInten_Lipids","1B2",3.28434993221167,0.00839297740190719,0.981669650970103,0.517939192982574,"Lipids","panelB","int",-4.78035994637796,-0.657897431677702
"267","RingSpotTotalInten_Lipids","1B3",2.44706484898946,0.0349926440614187,1.1376707578661,0.388010815249115,"Lipids","panelB","int",-3.35261740925522,-0.946722065393958
"268","RingSpotTotalInten_Lipids","2B1",1.34798940483512,0.266096481079027,1.30878960655958,0.275425441413922,"Lipids","panelB","int",-1.3238963251407,-1.2894383170926
"269","RingSpotTotalInten_Lipids","2B2",1.12364094547925,0.395645412207025,1.22307530933207,0.327852160491692,"Lipids","panelB","int",-0.927236892578582,-1.11519250241564
"270","RingSpotTotalInten_Lipids","2B3",1.14943235937079,0.378529683060157,0.830311667006273,0.662530761706216,"Lipids","panelB","int",-0.971460786299343,-0.411688289435628
"271","RingSpotAvgInten_Lipids","1B1",0.632338741032314,0.800163694603361,0.846120826531044,0.646999552266266,"Lipids","panelB","int",-0.222938953991468,-0.43540967649652
"272","RingSpotAvgInten_Lipids","1B2",2.75882634130591,0.0202221361479868,3.19138032967685,0.005985161067188,"Lipids","panelB","int",-3.90097742566886,-5.11847202852346
"273","RingSpotAvgInten_Lipids","1B3",0.605467451422089,0.822061691390794,1.00458652342054,0.497361556054114,"Lipids","panelB","int",-0.19593983638833,-0.698438040398569
"274","RingSpotAvgInten_Lipids","2B1",1.55512220325608,0.18166907923681,1.71156443291608,0.117353515145772,"Lipids","panelB","int",-1.70556849287256,-2.14256440275987
"275","RingSpotAvgInten_Lipids","2B2",2.57231205266706,0.0280096800101784,2.52598963502113,0.0213856195121449,"Lipids","panelB","int",-3.57520511390324,-3.84503656825152
"276","RingSpotAvgInten_Lipids","2B3",1.7679020330854,0.122061180677652,0.917345663757958,0.577904095315111,"Lipids","panelB","int",-2.10323287898407,-0.548347349137207
"277","RingSpotTotalArea_Lipids","1B1",2.05090832997249,0.0720273366936348,1.2680712769057,0.299359080009785,"Lipids","panelB","non-int",-2.63070955572441,-1.20611148965127
"278","RingSpotTotalArea_Lipids","1B2",3.58878833851862,0.00517652860395475,1.40867295935318,0.223756066104142,"Lipids","panelB","non-int",-5.26362060104078,-1.49719881111471
"279","RingSpotTotalArea_Lipids","1B3",1.90607062201527,0.0942800422329353,0.637108560536588,0.843553903579342,"Lipids","panelB","non-int",-2.36148575296209,-0.170131474379552
"280","RingSpotTotalArea_Lipids","2B1",1.56719374880791,0.177630854499334,0.956944027075347,0.540632205033759,"Lipids","panelB","non-int",-1.72804773322439,-0.615016074154726
"281","RingSpotTotalArea_Lipids","2B2",0.636310044802633,0.79686824285235,0.594281713093249,0.877610146015232,"Lipids","panelB","non-int",-0.227065930229132,-0.130552808994928
"282","RingSpotTotalArea_Lipids","2B3",0.990407592310801,0.493178616150137,0.778096608054138,0.713765461455787,"Lipids","panelB","non-int",-0.706883865991725,-0.337200855961725
"283","RingSpotAvgArea_Lipids","1B1",1.6194237465401,0.161140633383418,0.985284619759678,0.514663070755215,"Lipids","panelB","non-int",-1.82547779600026,-0.664242823964516
"284","RingSpotAvgArea_Lipids","1B2",2.30047211701603,0.0455733702441529,0.752942642642441,0.738173423316248,"Lipids","panelB","non-int",-3.0884317189218,-0.303576491044287
"285","RingSpotAvgArea_Lipids","1B3",0.713452212777558,0.730661110470584,0.703085684178905,0.785333669195854,"Lipids","panelB","non-int",-0.313805523894213,-0.241646595210116
"286","RingSpotAvgArea_Lipids","2B1",1.42004151575752,0.233267756477712,0.860884768403228,0.632532331001774,"Lipids","panelB","non-int",-1.45556831577396,-0.458023943478512
"287","RingSpotAvgArea_Lipids","2B2",1.97511635100697,0.0829031813611213,0.689799278567887,0.797512803891861,"Lipids","panelB","non-int",-2.49008184168915,-0.226257389415202
"288","RingSpotAvgArea_Lipids","2B3",1.63250542517058,0.157250470462582,0.979481324398073,0.519927723176862,"Lipids","panelB","non-int",-1.84991539159314,-0.654065470957859
"289","RingSpotCount_Lipids","1B1",1.57942299903014,0.173628539578081,1.15466562196362,0.375400222514882,"Lipids","panelB","non-int",-1.75083709177659,-0.979762562089143
"290","RingSpotCount_Lipids","1B2",1.95511848303172,0.0860455055288294,0.933538308087842,0.562536888121241,"Lipids","panelB","non-int",-2.45287898861454,-0.575298568171557
"291","RingSpotCount_Lipids","1B3",2.00621474271741,0.0782491185425094,1.32971539626378,0.26379006577425,"Lipids","panelB","non-int",-2.54785771425779,-1.33260169757992
"292","RingSpotCount_Lipids","2B1",2.44977760225085,0.034823255714181,1.55635012000266,0.163623204193987,"Lipids","panelB","non-int",-3.35746984774423,-1.81018902994454
"293","RingSpotCount_Lipids","2B2",0.542471359346573,0.869994621188452,0.559327319241021,0.902643201782664,"Lipids","panelB","non-int",-0.139268249894628,-0.102427929026863
"294","RingSpotCount_Lipids","2B3",0.943904974498368,0.530552633172142,0.767598397514565,0.723987468517991,"Lipids","panelB","non-int",-0.633836111575915,-0.322981195423026
"295","CircSpotTotalInten_Lipids","1B1",1.69998648154778,0.138606431301294,0.832061401309898,0.660810578669931,"Lipids","panelB","int",-1.97611679141763,-0.414288048020442
"296","CircSpotTotalInten_Lipids","1B2",5.82717571351508,0.000248035960341169,2.32879410495538,0.0319007938863044,"Lipids","panelB","int",-8.30193682093529,-3.445124382783
"297","CircSpotTotalInten_Lipids","1B3",1.35765756601344,0.261459619365955,0.947745751785474,0.549194350615446,"Lipids","panelB","int",-1.34147542665169,-0.599302891711792
"298","CircSpotTotalInten_Lipids","2B1",0.784226158529431,0.668053662682897,1.31659140775204,0.271035457564268,"Lipids","panelB","int",-0.403386775314413,-1.30550562694066
"299","CircSpotTotalInten_Lipids","2B2",1.31991362260655,0.279983259095788,1.27605711068834,0.294528318126297,"Lipids","panelB","int",-1.27302546654393,-1.22238012388745
"300","CircSpotTotalInten_Lipids","2B3",1.30881684490899,0.285647548096099,0.869190751452661,0.624417271697432,"Lipids","panelB","int",-1.25299657744347,-0.470936429452714
"301","CircSpotAvgInten_Lipids","1B1",0.663021996452159,0.774365190124555,0.871688312708755,0.621981227416656,"Lipids","panelB","int",-0.255711694798997,-0.474845367700575
"302","CircSpotAvgInten_Lipids","1B2",2.36719537068739,0.0403909498263111,2.45797379523627,0.0245214812296642,"Lipids","panelB","int",-3.20914953331018,-3.70820576069854
"303","CircSpotAvgInten_Lipids","1B3",0.691141295129871,0.750152628616168,1.11564422553973,0.404825331317952,"Lipids","panelB","int",-0.287478588334521,-0.90429958560028
"304","CircSpotAvgInten_Lipids","2B1",1.34866084826452,0.265772075230875,1.48792413876286,0.189277886622583,"Lipids","panelB","int",-1.32511619754914,-1.66453904416423
"305","CircSpotAvgInten_Lipids","2B2",2.17703223673779,0.0570875312389206,1.70760788316338,0.118353584561696,"Lipids","panelB","int",-2.86316955325995,-2.13407865567603
"306","CircSpotAvgInten_Lipids","2B3",1.54586794827923,0.184824730993196,0.796079458549999,0.696170385379311,"Lipids","panelB","int",-1.68834730300766,-0.362160842028489
"307","CircSpotTotalArea_Lipids","1B1",1.35520646689159,0.262628213003402,0.69288548226551,0.794701407178414,"Lipids","panelB","non-int",-1.33701588570465,-0.22978882333364
"308","CircSpotTotalArea_Lipids","1B2",5.76712663741338,0.000266386850238041,2.42077551717755,0.0264400996793129,"Lipids","panelB","non-int",-8.23056098148465,-3.63287349398636
"309","CircSpotTotalArea_Lipids","1B3",1.49207751413744,0.204234534110806,0.790806979020144,0.701338164714943,"Lipids","panelB","non-int",-1.58848626849669,-0.354765104964269
"310","CircSpotTotalArea_Lipids","2B1",0.855201196685798,0.605633460137922,1.23137163711775,0.322434371984063,"Lipids","panelB","non-int",-0.501480327166693,-1.13185566117862
"311","CircSpotTotalArea_Lipids","2B2",1.20865333080418,0.341449109714015,1.08838338332893,0.42636227304653,"Lipids","panelB","non-int",-1.07455663094697,-0.852465887890747
"312","CircSpotTotalArea_Lipids","2B3",1.07473749282329,0.429700131022205,0.798295371144105,0.693996707771953,"Lipids","panelB","non-int",-0.8446676832857,-0.365288062331033
"313","CircSpotAvgArea_Lipids","1B1",1.47039924416904,0.212593079538299,0.981609953348824,0.517993387118729,"Lipids","panelB","non-int",-1.54837536516431,-0.657792802984202
"314","CircSpotAvgArea_Lipids","1B2",7.2139214708505,5.38977901712049e-05,3.62953858541677,0.00275998157525393,"Lipids","panelB","non-int",-9.82842107956873,-5.892531274908
"315","CircSpotAvgArea_Lipids","1B3",0.718698608146077,0.726050745382485,0.859950526897411,0.633446306395689,"Lipids","panelB","non-int",-0.320135369378984,-0.456580039883762
"316","CircSpotAvgArea_Lipids","2B1",0.927742123269491,0.54389403062332,1.24069494190995,0.316435005542095,"Lipids","panelB","non-int",-0.609000847749835,-1.15063741222333
"317","CircSpotAvgArea_Lipids","2B2",0.950587374292841,0.525087495162139,1.00631452704893,0.495828774268983,"Lipids","panelB","non-int",-0.64419037282463,-0.701524625024364
"318","CircSpotAvgArea_Lipids","2B3",1.21305976336238,0.338813166810921,0.804608122699714,0.687799535697626,"Lipids","panelB","non-int",-1.08230645388111,-0.374257856038537
"319","CircSpotCount_Lipids","1B1",1.77035579752728,0.121501915212716,1.5394674238221,0.169623078702294,"Lipids","panelB","non-int",-2.10782525325814,-1.77417648762791
"320","CircSpotCount_Lipids","1B2",3.77674131593158,0.00387721734682308,2.82888375106116,0.0118011862780467,"Lipids","panelB","non-int",-5.55263756129644,-4.43955522052567
"321","CircSpotCount_Lipids","1B3",0.76196982663067,0.687791796893862,0.597349421021502,0.875288249600518,"Lipids","panelB","non-int",-0.374269107641511,-0.133202018759172
"322","CircSpotCount_Lipids","2B1",0.643124044814339,0.791181849407581,0.84829286238644,0.644868363820241,"Lipids","panelB","non-int",-0.234227439523755,-0.438709070115372
"323","CircSpotCount_Lipids","2B2",1.00142747076481,0.484557347116277,0.707281971637321,0.781447768962984,"Lipids","panelB","non-int",-0.724519491154635,-0.246606965694511
"324","CircSpotCount_Lipids","2B3",0.989941630225521,0.493545215695235,0.768050162812762,0.723548525810923,"Lipids","panelB","non-int",-0.706140801822938,-0.323587664239333
"325","TotalInten_Lipids","1B1",3.2033375505541,0.00957549061589351,0.719360987056173,0.77016617050087,"Lipids","panelB","int",-4.64854850597031,-0.261148981571854
"326","TotalInten_Lipids","1B2",5.6808288660899,0.000295412308579669,1.52283164635636,0.175742439077356,"Lipids","panelB","int",-8.12713852123449,-1.73873577011377
"327","TotalInten_Lipids","1B3",3.10818969518685,0.0111982968497903,1.36153495806396,0.246935588144499,"Lipids","panelB","int",-4.49199357922745,-1.39862775310525
"328","TotalInten_Lipids","2B1",2.1779708660751,0.0569893250183771,1.64881685170281,0.134254317751203,"Lipids","panelB","int",-2.8648913090661,-2.00801938409022
"329","TotalInten_Lipids","2B2",4.80747260420823,0.000893610066998999,2.22283706642438,0.039701680514516,"Lipids","panelB","int",-7.0202410446069,-3.22636176184444
"330","TotalInten_Lipids","2B3",0.765901419454705,0.684304763121565,0.629435355689504,0.849902950704121,"Lipids","panelB","int",-0.379351900472775,-0.162633111658521
"331","AvgInten_Lipids","1B1",4.49934332817162,0.00135870597811089,0.924998430200758,0.57062125790516,"Lipids","panelB","int",-6.60122251886814,-0.561029585542407
"332","AvgInten_Lipids","1B2",4.88753243090358,0.000803485818658971,2.29545413209991,0.0341644797166317,"Lipids","panelB","int",-7.12655102240236,-3.37656877941411
"333","AvgInten_Lipids","1B3",2.07339662270552,0.0690924459618849,1.99556854059177,0.0639787320777963,"Lipids","panelB","int",-2.67230987456235,-2.74920456213453
"334","AvgInten_Lipids","2B1",2.04241661605361,0.0731688645276553,2.00241061495293,0.0630576290463727,"Lipids","panelB","int",-2.61498529648383,-2.76370622394864
"335","AvgInten_Lipids","2B2",3.29274206418998,0.00827979925920728,3.58494683678212,0.0029794706600871,"Lipids","panelB","int",-4.79393655493595,-5.81600962508631
"336","AvgInten_Lipids","2B3",2.86998824867931,0.016709512844126,0.950159698227056,0.546941369206278,"Lipids","panelB","int",-4.09177709035301,-0.603413668399551
